,Year,Age,AgeDif,Tm,Lg,Lev,Aff,G,PA,AB,R,H,2B,3B,HR,RBI,SB,CS,BB,SO,BA,OBP,SLG,OPS,TB,GDP,HBP,SH,SF,IBB,PlayerID,Rookie_Season,Rookie_rOBA
0,1987,20,-0.9,Medford,NORW,A-,OAK,65,289,255,34,73,18,1,3,49,5,2,26,36,.286,.344,.400,.744,102,,0,1,7,0,brosisc01,1992.0,0.322
1,1988,21,-0.8,Madison,MIDW,A,OAK,132,571,504,82,153,28,2,9,58,13,12,56,67,.304,.374,.421,.795,212,,3,4,4,1,brosisc01,1992.0,0.322
2,1989,22,-1.3,Huntsville,SOUL,AA,OAK,128,536,461,68,125,22,2,7,60,4,6,58,62,.271,.355,.373,.728,172,,5,6,6,3,brosisc01,1992.0,0.322
4,1990,23,-2.9,Tacoma,PCL,AAA,OAK,3,8,7,2,1,0,1,0,0,0,0,1,3,.143,.250,.429,.679,3,,0,0,0,0,brosisc01,1992.0,0.322
5,1990,23,-0.5,Huntsville,SOUL,AA,OAK,142,645,547,94,162,39,2,23,88,12,3,81,81,.296,.382,.501,.883,274,,1,7,9,2,brosisc01,1992.0,0.322
6,1991,24,-1.8,Tacoma,PCL,AAA,OAK,65,268,245,28,70,16,3,8,31,4,2,18,29,.286,.337,.473,.811,116,7,2,1,2,0,brosisc01,1992.0,0.322
0,1981,18,-2.2,Billings,PION,Rk,CIN,66,266,241,37,76,7,2,3,29,6,3,21,35,.315,.367,.398,.766,96,,0,2,2,2,o'neipa01,1987.0,0.354
1,1982,19,-2.6,Cedar Rapids,MIDW,A,CIN,116,412,386,50,105,19,2,8,71,12,5,21,79,.272,.308,.394,.702,152,,1,0,4,0,o'neipa01,1987.0,0.354
3,1983,20,-3.0,Waterbury,EL,AA,CIN,14,49,43,6,12,0,0,0,6,2,1,6,8,.279,.367,.279,.646,12,,0,0,0,0,o'neipa01,1987.0,0.354
4,1983,20,-2.0,Tampa,FLOR,A,CIN,121,472,413,62,115,23,7,8,51,20,5,56,70,.278,.363,.426,.789,176,,0,1,2,7,o'neipa01,1987.0,0.354
5,1984,21,-2.1,Vermont,EL,AA,CIN,134,536,475,70,126,31,5,16,76,29,11,52,72,.265,.336,.453,.788,215,,2,0,7,6,o'neipa01,1987.0,0.354
6,1985,22,-4.0,Denver,AA,AAA,CIN,137,545,509,63,155,32,3,7,74,5,7,28,73,.305,.338,.420,.759,214,,1,1,6,4,o'neipa01,1987.0,0.354
8,1986,23,-3.0,Denver,AA,AAA,CIN,55,206,193,20,49,9,2,5,27,1,1,9,28,.254,.291,.399,.690,77,,2,0,2,3,o'neipa01,1987.0,0.354
0,1990,20,0.5,Elizabethton,APPY,Rk,MIN,54,250,201,45,59,6,2,6,30,14,4,40,26,.294,.422,.433,.855,87,,6,1,2,1,hockide01,1996.0,0.239
1,1991,21,-0.4,Kenosha,MIDW,A,MIN,125,522,432,72,110,17,8,2,36,22,10,77,69,.255,.372,.345,.717,149,6,6,3,4,4,hockide01,1996.0,0.239
2,1992,22,-0.5,Visalia,CALL,A+,MIN,135,634,550,117,182,34,9,7,81,38,18,72,77,.331,.415,.464,.878,255,7,8,2,2,1,hockide01,1996.0,0.239
3,1993,23,-0.6,Nashville,SOUL,AA,MIN,107,452,409,54,109,9,4,8,50,15,5,34,66,.267,.327,.367,.694,150,12,4,3,2,0,hockide01,1996.0,0.239
5,1994,24,-2.2,Salt Lake,PCL,AAA,MIN,112,433,394,61,110,14,6,5,57,13,7,28,57,.279,.327,.383,.710,151,6,2,5,4,1,hockide01,1996.0,0.239
7,1995,25,-1.5,Salt Lake,PCL,AAA,MIN,117,437,397,51,112,24,2,8,75,12,8,25,41,.282,.324,.413,.737,164,10,2,8,5,1,hockide01,1996.0,0.239
0,1985,18,-2.6,Elmira,NYPL,A-,BOS,39,134,119,7,16,1,1,0,5,0,1,10,27,.134,.206,.160,.366,19,,1,3,1,0,prattto02,1993.0,0.382
1,1986,19,-2.0,Greensboro,SALL,A,BOS,107,435,348,63,84,16,0,12,56,0,1,74,114,.241,.378,.391,.769,136,,5,4,4,0,prattto02,1993.0,0.382
2,1987,20,-2.2,Winter Haven,FLOR,A,BOS,118,484,407,57,105,22,0,12,65,0,1,70,94,.258,.364,.400,.764,163,,1,0,6,4,prattto02,1993.0,0.382
3,1988,21,-2.8,New Britain,EL,AA,BOS,124,446,395,41,89,15,2,8,49,1,4,41,110,.225,.299,.334,.633,132,,3,1,6,2,prattto02,1993.0,0.382
4,1989,22,-1.5,New Britain,EL,AA,BOS,109,395,338,30,77,17,1,2,35,1,2,44,66,.228,.325,.302,.627,102,,7,1,5,1,prattto02,1993.0,0.382
5,1990,23,-0.6,New Britain,EL,AA,BOS,70,218,195,15,45,14,1,2,22,0,1,18,56,.231,.293,.344,.637,67,,0,3,2,0,prattto02,1993.0,0.382
6,1991,24,-1.9,Pawtucket,IL,AAA,BOS,68,250,219,27,64,16,0,11,41,0,3,23,42,.292,.367,.516,.883,113,9,3,5,0,2,prattto02,1993.0,0.382
8,1992,25,-1.0,Scranton/Wilkes-Barre,IL,AAA,PHI,41,158,125,20,40,9,1,7,28,1,0,30,14,.320,.446,.576,1.022,72,5,0,1,2,0,prattto02,1993.0,0.382
9,1992,25,1.3,Reading,EL,AA,PHI,41,156,132,20,44,6,1,6,26,2,0,24,28,.333,.436,.530,.966,70,1,0,0,0,0,prattto02,1993.0,0.382
0,1987,21,0.1,Gastonia,SALL,A,TEX,61,256,235,35,72,13,1,8,33,1,2,19,46,.306,.359,.472,.832,111,,1,0,1,0,haselbi01,1993.0,0.341
1,1988,22,-0.1,Port Charlotte,FLOR,A,TEX,122,504,453,56,111,17,2,10,54,8,5,45,99,.245,.316,.358,.674,162,10,3,1,2,3,haselbi01,1993.0,0.341
2,1989,23,-0.7,Tulsa,TL,AA,TEX,107,398,352,38,95,17,2,7,36,5,10,40,88,.270,.348,.389,.737,137,,3,1,2,0,haselbi01,1993.0,0.341
3,1990,24,0.1,Tulsa,TL,AA,TEX,120,485,430,68,137,39,2,18,80,3,7,44,96,.319,.387,.544,.931,234,,6,2,3,1,haselbi01,1993.0,0.341
5,1991,25,-1.5,Oklahoma City,AA,AAA,TEX,126,509,442,57,113,22,2,9,60,10,7,61,89,.256,.344,.376,.720,166,14,1,1,4,1,haselbi01,1993.0,0.341
7,1992,26,-0.5,Calgary,PCL,AAA,SEA,88,349,302,49,77,14,2,19,53,3,3,41,89,.255,.345,.503,.848,152,9,2,1,3,4,haselbi01,1993.0,0.341
8,1992,26,-0.8,Oklahoma City,AA,AAA,TEX,17,71,58,8,14,5,0,1,9,1,0,13,12,.241,.380,.379,.760,22,2,0,0,0,0,haselbi01,1993.0,0.341
0,1994,18,-0.8,Astros,GULF,Rk,HOU,37,142,123,17,34,7,0,3,14,5,5,17,14,.276,.373,.407,.780,50,4,2,0,0,1,castrra01,2000.0,0.276
2,1995,19,-3.3,Kissimmee,FLOR,A+,HOU,36,128,120,6,25,5,0,0,8,0,0,6,21,.208,.250,.250,.500,30,1,1,0,1,0,castrra01,2000.0,0.276
3,1995,19,-2.1,Auburn,NYPL,A-,HOU,63,254,224,40,67,17,0,9,49,0,1,24,27,.299,.358,.496,.854,111,6,0,0,6,0,castrra01,2000.0,0.276
4,1996,20,-1.6,Quad Cities,MIDW,A,HOU,96,350,314,38,78,15,0,7,43,2,0,31,61,.248,.317,.363,.680,114,12,2,0,3,1,castrra01,2000.0,0.276
5,1997,21,-1.6,Kissimmee,FLOR,A+,HOU,115,476,410,53,115,22,1,8,65,1,0,53,73,.280,.357,.398,.755,163,17,2,0,11,3,castrra01,2000.0,0.276
7,1998,22,-2.1,Jackson,TL,AA,HOU,48,185,168,27,43,6,0,8,25,0,1,13,31,.256,.324,.435,.759,73,3,4,0,0,2,castrra01,2000.0,0.276
8,1998,22,-1.8,Portland,EL,AA,FLA,31,98,88,9,22,3,0,3,11,0,0,8,21,.250,.306,.386,.692,34,3,0,0,2,0,castrra01,2000.0,0.276
9,1999,23,-3.9,Calgary,PCL,AAA,FLA,97,378,349,43,90,22,0,15,61,0,0,24,64,.258,.307,.450,.757,157,11,2,0,3,3,castrra01,2000.0,0.276
0,1991,18,-1.7,Princeton,APPY,Rk,CIN,62,256,231,30,55,8,3,3,27,10,8,23,44,.238,.305,.338,.642,78,4,0,0,2,0,reesepo01,1997.0,0.275
1,1992,19,-2.2,Charleston WV,SALL,A,CIN,106,420,380,50,102,19,3,6,53,19,8,24,75,.268,.315,.382,.696,145,2,5,4,7,0,reesepo01,1997.0,0.275
2,1993,20,-3.6,Chattanooga,SOUL,AA,CIN,102,379,345,35,73,17,4,3,37,8,5,23,77,.212,.258,.310,.568,107,2,1,3,7,1,reesepo01,1997.0,0.275
3,1994,21,-2.9,Chattanooga,SOUL,AA,CIN,134,541,484,77,130,23,4,12,49,21,4,43,75,.269,.336,.407,.743,197,6,7,6,1,1,reesepo01,1997.0,0.275
4,1995,22,-5.0,Indianapolis,AA,AAA,CIN,89,387,343,51,82,21,1,10,46,8,5,36,81,.239,.316,.394,.710,135,3,4,1,3,0,reesepo01,1997.0,0.275
5,1996,23,-3.3,Indianapolis,AA,AAA,CIN,79,313,280,26,65,16,0,1,23,5,2,21,46,.232,.294,.300,.594,84,10,5,4,3,0,reesepo01,1997.0,0.275
0,1981,17,-2.7,Yankees,GULF,Rk,NYY,29,94,81,6,12,2,0,0,9,0,0,11,20,.148,.255,.173,.428,14,,1,0,1,0,mcgrifr01,1987.0,0.38
1,1982,18,-1.9,Yankees,GULF,Rk,NYY,62,272,217,38,59,11,1,9,41,6,6,48,63,.272,.413,.456,.870,99,,5,1,1,2,mcgrifr01,1987.0,0.38
3,1983,19,-2.8,Kinston,CARL,A,TOR,94,416,350,53,85,14,1,21,57,3,2,55,112,.243,.354,.469,.822,164,,6,3,2,2,mcgrifr01,1987.0,0.38
4,1983,19,-2.3,Florence,SALL,A,TOR,33,141,119,26,37,3,1,7,26,3,0,20,35,.311,.414,.529,.944,63,,1,1,0,4,mcgrifr01,1987.0,0.38
6,1984,20,-5.3,Syracuse,IL,AAA,TOR,70,266,238,28,56,10,1,13,28,0,1,26,89,.235,.309,.450,.759,107,,0,1,1,0,mcgrifr01,1987.0,0.38
7,1984,20,-3.9,Knoxville,SOUL,AA,TOR,56,222,189,29,47,13,2,9,25,0,2,29,55,.249,.347,.481,.828,91,,1,0,3,3,mcgrifr01,1987.0,0.38
8,1985,21,-4.7,Syracuse,IL,AAA,TOR,51,204,176,19,40,8,2,5,20,0,0,23,53,.227,.330,.381,.711,67,,4,1,0,0,mcgrifr01,1987.0,0.38
9,1986,22,-3.6,Syracuse,IL,AAA,TOR,133,563,468,69,121,23,4,19,74,0,3,83,119,.259,.369,.447,.816,209,,4,0,8,8,mcgrifr01,1987.0,0.38
0,1992,17,-3.8,Great Falls,PION,Rk,LAD,69,315,256,60,81,6,5,2,27,40,9,51,53,.316,.431,.402,.833,103,4,2,4,2,3,cedenro01,1996.0,0.314
2,1993,18,-8.0,Albuquerque,PCL,AAA,LAD,6,21,18,1,4,1,1,0,4,0,1,3,3,.222,.333,.389,.722,7,0,0,0,0,0,cedenro01,1996.0,0.314
3,1993,18,-5.7,San Antonio,TL,AA,LAD,122,516,465,70,134,12,8,4,30,28,20,45,90,.288,.352,.374,.726,174,5,1,4,1,2,cedenro01,1996.0,0.314
4,1994,19,-7.2,Albuquerque,PCL,AAA,LAD,104,444,383,84,123,18,5,4,49,30,13,51,57,.321,.395,.426,.820,163,4,0,3,7,0,cedenro01,1996.0,0.314
5,1995,20,-6.5,Albuquerque,PCL,AAA,LAD,99,429,367,67,112,19,9,2,44,23,18,53,56,.305,.393,.422,.815,155,5,2,4,3,2,cedenro01,1996.0,0.314
0,1993,18,-0.9,Marlins,GULF,Rk,FLA,31,120,109,13,21,2,2,0,7,5,0,7,28,.193,.252,.248,.500,27,2,2,1,1,0,dunwoto01,1998.0,0.311
2,1994,19,-2.7,Kane County,MIDW,A,FLA,15,51,45,7,5,0,0,1,1,1,0,5,17,.111,.200,.178,.378,8,1,0,1,0,0,dunwoto01,1998.0,0.311
3,1994,19,0.2,Marlins,GULF,Rk,FLA,46,196,169,32,44,6,6,1,25,11,3,21,28,.260,.354,.385,.738,65,1,4,1,1,1,dunwoto01,1998.0,0.311
4,1995,20,-1.6,Kane County,MIDW,A,FLA,132,565,494,89,140,20,8,14,89,39,11,52,105,.283,.355,.441,.797,218,7,8,2,9,7,dunwoto01,1998.0,0.311
5,1996,21,-2.8,Portland,EL,AA,FLA,138,609,552,88,153,30,6,24,93,24,19,45,149,.277,.337,.484,.820,267,10,7,0,5,6,dunwoto01,1998.0,0.311
6,1997,22,-4.2,Charlotte,IL,AAA,FLA,107,444,401,74,105,16,7,23,62,25,3,39,129,.262,.331,.509,.840,204,8,3,0,1,2,dunwoto01,1998.0,0.311
0,1983,18,-2.3,Great Falls,PION,Rk,SFG,34,119,111,9,29,4,2,0,9,1,2,7,26,.261,.311,.333,.644,37,,1,0,0,1,hayesch01,1989.0,0.309
1,1984,19,-2.7,Clinton,MIDW,A,SFG,116,435,392,41,96,17,2,2,51,4,1,34,110,.245,.305,.314,.618,123,,1,5,3,1,hayesch01,1989.0,0.309
2,1985,20,-2.3,Fresno,CALL,A,SFG,131,534,467,73,132,17,2,4,68,7,8,56,95,.283,.364,.353,.717,165,,6,1,4,0,hayesch01,1989.0,0.309
3,1986,21,-2.9,Shreveport,TL,AA,SFG,121,472,434,52,107,23,2,5,45,1,4,28,83,.247,.293,.343,.636,149,,2,4,4,3,hayesch01,1989.0,0.309
4,1987,22,-2.0,Shreveport,TL,AA,SFG,128,524,487,66,148,33,3,14,75,5,9,26,76,.304,.338,.470,.809,229,,3,1,7,6,hayesch01,1989.0,0.309
5,1988,23,-2.9,Phoenix,PCL,AAA,SFG,131,533,492,71,151,26,4,7,71,4,4,34,91,.307,.348,.419,.767,206,,0,2,5,1,hayesch01,1989.0,0.309
0,1993,21,-1.3,Vero Beach,FLOR,A+,LAD,39,150,134,17,42,6,0,0,13,0,0,13,22,.313,.380,.358,.738,48,2,2,0,1,0,loducpa01,2000.0,0.294
1,1994,22,-0.6,Bakersfield,CALL,A+,LAD,123,514,455,65,141,32,1,6,68,16,9,52,49,.310,.381,.424,.805,193,5,3,0,4,2,loducpa01,2000.0,0.294
2,1995,23,-0.9,San Antonio,TL,AA,LAD,61,227,199,27,49,8,0,1,8,5,5,26,25,.246,.339,.302,.641,60,12,2,0,0,0,loducpa01,2000.0,0.294
3,1996,24,1.7,Vero Beach,FLOR,A+,LAD,124,515,439,54,134,22,0,3,66,8,2,70,38,.305,.400,.376,.776,165,14,2,0,4,2,loducpa01,2000.0,0.294
4,1997,25,1.0,San Antonio,TL,AA,LAD,105,443,385,63,126,28,2,7,69,16,8,46,27,.327,.399,.465,.864,179,17,3,4,5,3,loducpa01,2000.0,0.294
5,1998,26,-0.7,Albuquerque,PCL,AAA,LAD,126,528,451,69,144,30,3,8,58,19,7,59,40,.319,.399,.452,.852,204,20,5,7,6,2,loducpa01,2000.0,0.294
7,1999,27,0.1,Albuquerque,PCL,AAA,LAD,26,92,76,17,28,9,0,1,8,1,1,10,1,.368,.478,.526,1.005,40,0,6,0,0,0,loducpa01,2000.0,0.294
0,1991,21,0.0,Eugene,NORW,A-,KCR,72,331,275,53,93,20,2,11,59,6,1,46,29,.338,.438,.545,.984,150,8,6,0,4,4,randajo01,1996.0,0.351
2,1992,22,-0.2,Baseball City,FLOR,A+,KCR,51,205,189,22,52,7,0,1,12,4,3,12,21,.275,.324,.328,.652,62,4,2,1,1,0,randajo01,1996.0,0.351
3,1992,22,0.5,Appleton,MIDW,A,KCR,72,312,266,55,80,13,0,5,43,6,2,34,37,.301,.385,.406,.791,108,6,6,0,6,0,randajo01,1996.0,0.351
4,1993,23,-0.6,Memphis,SOUL,AA,KCR,131,557,505,74,149,31,5,11,72,8,7,39,64,.295,.343,.442,.784,223,10,3,0,10,2,randajo01,1996.0,0.351
5,1994,24,-2.8,Omaha,AA,AAA,KCR,127,503,455,65,125,27,2,10,51,5,2,30,49,.275,.327,.409,.736,186,18,8,5,5,1,randajo01,1996.0,0.351
6,1995,25,-2.0,Omaha,AA,AAA,KCR,64,259,233,33,64,10,2,8,33,2,2,22,33,.275,.341,.438,.779,102,9,2,1,1,0,randajo01,1996.0,0.351
0,1988,18,-2.0,Bristol,APPY,Rk,DET,60,239,209,37,53,11,2,7,33,3,4,25,42,.254,.338,.426,.763,89,,2,2,1,2,brognri01,1994.0,0.444
1,1989,19,-3.3,Lakeland,FLOR,A,DET,128,505,459,47,108,20,7,5,51,2,4,38,82,.235,.295,.342,.637,157,10,2,3,3,6,brognri01,1994.0,0.444
2,1990,20,-3.6,London,EL,AA,DET,137,549,488,70,128,21,3,21,77,1,2,50,100,.262,.332,.447,.778,218,,3,3,5,8,brognri01,1994.0,0.444
4,1991,21,-4.9,Toledo,IL,AAA,DET,41,138,132,13,29,6,1,2,13,2,0,4,26,.220,.248,.326,.574,43,9,1,1,0,2,brognri01,1994.0,0.444
5,1991,21,-2.7,London,EL,AA,DET,77,326,293,40,80,13,1,13,51,0,1,25,59,.273,.325,.457,.782,134,7,0,3,5,2,brognri01,1994.0,0.444
6,1992,22,-4.0,Toledo,IL,AAA,DET,121,428,387,45,101,19,4,10,58,1,1,31,85,.261,.314,.408,.722,158,7,1,4,5,2,brognri01,1994.0,0.444
8,1993,23,-3.0,Toledo,IL,AAA,DET,129,524,483,55,132,30,3,11,59,7,5,31,94,.273,.317,.416,.733,201,12,2,4,4,2,brognri01,1994.0,0.444
1,1990,19,-0.2,Mets,GULF,Rk,NYM,30,122,98,26,29,3,3,1,5,16,8,19,16,.296,.417,.418,.835,41,,2,2,1,0,verasqu01,1995.0,0.362
2,1990,19,-0.5,Kingsport,APPY,Rk,NYM,24,109,94,21,36,6,0,1,14,9,5,13,14,.383,.463,.479,.942,45,,1,1,0,1,verasqu01,1995.0,0.362
4,1991,20,-0.8,Pittsfield,NYPL,A-,NYM,5,20,15,3,4,0,1,0,2,2,0,5,1,.267,.450,.400,.850,6,0,0,0,0,1,verasqu01,1995.0,0.362
5,1991,20,0.3,Kingsport,APPY,Rk,NYM,64,274,226,54,76,11,4,1,16,38,11,36,28,.336,.442,.434,.876,98,3,7,5,0,0,verasqu01,1995.0,0.362
6,1992,21,-0.2,Columbia,SALL,A,NYM,117,515,414,97,132,24,10,2,40,66,35,84,52,.319,.441,.440,.881,182,5,9,5,3,3,verasqu01,1995.0,0.362
7,1993,22,-1.6,Binghamton,EL,AA,NYM,128,553,444,87,136,19,7,2,51,52,19,91,62,.306,.430,.394,.824,175,3,9,4,5,0,verasqu01,1995.0,0.362
8,1994,23,-2.9,Norfolk,IL,AAA,NYM,123,530,457,71,114,22,4,0,43,40,18,59,56,.249,.338,.315,.653,144,8,4,6,4,2,verasqu01,1995.0,0.362
1,1992,18,-4.2,Vero Beach,FLOR,A+,LAD,36,140,125,7,28,0,0,0,7,5,3,11,12,.224,.285,.224,.509,28,3,0,3,1,0,cairomi01,1998.0,0.31
2,1992,18,-0.9,Dodgers,GULF,Rk,LAD,21,83,76,10,23,5,2,0,9,1,0,2,6,.303,.333,.421,.754,32,1,2,2,1,0,cairomi01,1998.0,0.31
3,1993,19,-3.3,Vero Beach,FLOR,A+,LAD,90,391,346,50,109,10,1,1,23,23,16,28,22,.315,.378,.358,.736,124,2,7,10,0,0,cairomi01,1998.0,0.31
4,1994,20,-2.6,Bakersfield,CALL,A+,LAD,133,592,533,76,155,23,4,2,48,44,23,34,37,.291,.338,.360,.698,192,9,6,15,4,3,cairomi01,1998.0,0.31
5,1995,21,-2.9,San Antonio,TL,AA,LAD,107,474,435,53,121,20,1,1,41,33,16,26,32,.278,.323,.336,.659,146,6,5,4,4,0,cairomi01,1998.0,0.31
6,1996,22,-4.5,Syracuse,IL,AAA,TOR,120,509,465,71,129,14,4,3,48,27,9,26,44,.277,.323,.344,.667,160,5,8,5,5,1,cairomi01,1998.0,0.31
8,1997,23,-3.0,Iowa,AA,AAA,CHC,135,608,569,82,159,35,4,5,46,40,15,24,54,.279,.314,.381,.695,217,9,6,6,3,0,cairomi01,1998.0,0.31
0,1991,22,1.2,Hamilton,NYPL,A-,STL,43,167,157,10,33,5,0,4,15,1,5,9,40,.210,.257,.318,.576,50,3,1,0,0,0,difelmi01,1997.0,0.298
2,1992,23,0.8,St. Petersburg,FLOR,A+,STL,17,58,53,0,12,3,0,0,4,0,0,3,11,.226,.259,.283,.542,15,3,0,0,2,0,difelmi01,1997.0,0.298
3,1992,23,2.1,Hamilton,NYPL,A-,STL,18,64,58,11,20,3,0,2,9,2,0,4,7,.345,.397,.500,.897,29,0,1,1,0,1,difelmi01,1997.0,0.298
5,1993,24,1.7,St. Petersburg,FLOR,A+,STL,30,113,97,5,22,2,0,0,8,1,0,11,13,.227,.306,.247,.554,24,4,1,2,2,1,difelmi01,1997.0,0.298
6,1993,24,2.4,Springfield,MIDW,A,STL,8,23,20,5,7,1,0,0,3,0,1,2,3,.350,.435,.400,.835,8,0,1,0,0,0,difelmi01,1997.0,0.298
7,1994,25,1.1,Arkansas,TL,AA,STL,71,217,200,19,50,11,2,2,15,0,1,12,48,.250,.296,.355,.651,71,9,2,1,2,0,difelmi01,1997.0,0.298
9,1995,26,-1.0,Louisville,AA,AAA,STL,21,68,63,8,17,4,0,0,3,1,0,5,11,.270,.324,.333,.657,21,4,0,0,0,0,difelmi01,1997.0,0.298
10,1995,26,2.1,Arkansas,TL,AA,STL,62,205,176,14,47,10,1,1,24,0,2,23,29,.267,.360,.352,.712,62,13,3,2,1,0,difelmi01,1997.0,0.298
11,1996,27,0.7,Louisville,AA,AAA,STL,79,269,246,25,70,13,0,9,33,0,3,20,43,.285,.338,.447,.785,110,15,1,0,2,1,difelmi01,1997.0,0.298
0,1989,22,2.8,Dodgers,GULF,Rk,LAD,56,235,197,53,65,11,5,2,22,41,10,33,16,.330,.432,.467,.899,92,,3,1,1,1,younger01,1992.0,0.301
1,1990,23,0.4,Vero Beach,FLOR,A+,LAD,127,544,460,101,132,23,7,2,50,76,16,69,35,.287,.384,.380,.764,175,,6,5,4,1,younger01,1992.0,0.301
3,1991,24,-1.8,Albuquerque,PCL,AAA,LAD,1,5,5,0,2,0,0,0,0,0,0,0,0,.400,.400,.400,.800,2,0,0,0,0,0,younger01,1992.0,0.301
4,1991,24,0.0,San Antonio,TL,AA,LAD,127,539,461,82,129,17,4,3,35,70,26,67,36,.280,.373,.354,.726,163,13,2,8,1,0,younger01,1992.0,0.301
0,1988,18,-3.1,Bend,NORW,A-,CAL,35,143,122,23,27,4,0,0,13,4,0,20,44,.221,.329,.254,.583,31,,0,0,1,0,edmonji01,1994.0,0.324
1,1989,19,-2.9,Quad Cities,MIDW,A,CAL,31,99,92,11,24,4,0,1,4,1,0,7,34,.261,.313,.337,.650,31,3,0,0,0,0,edmonji01,1994.0,0.324
2,1990,20,-2.7,Palm Springs,CALL,A+,CAL,91,346,314,36,92,18,6,3,56,5,2,27,75,.293,.351,.417,.768,131,,2,1,2,3,edmonji01,1994.0,0.324
3,1991,21,-1.9,Palm Springs,CALL,A+,CAL,60,231,187,28,55,15,1,2,27,2,2,40,57,.294,.417,.417,.834,78,2,0,3,1,3,edmonji01,1994.0,0.324
5,1992,22,-4.5,Edmonton,PCL,AAA,CAL,50,212,194,37,58,15,2,6,36,3,1,14,55,.299,.343,.490,.833,95,2,0,2,2,2,edmonji01,1994.0,0.324
6,1992,22,-2.2,Midland,TL,AA,CAL,70,289,246,42,77,15,2,8,32,3,4,41,83,.313,.413,.488,.901,120,8,1,1,0,1,edmonji01,1994.0,0.324
7,1993,23,-3.0,Vancouver,PCL,AAA,CAL,95,403,356,59,112,28,4,9,74,6,8,41,81,.315,.382,.492,.873,175,5,0,2,4,4,edmonji01,1994.0,0.324
0,1994,18,-1.9,Kingsport,APPY,Rk,NYM,60,253,215,39,50,9,2,12,39,9,3,32,52,.233,.340,.460,.800,99,3,4,0,2,0,longte01,2000.0,0.353
2,1995,19,-2.3,Capital City,SALL,A,NYM,55,208,178,27,35,1,2,2,13,8,5,28,43,.197,.309,.258,.568,46,3,1,1,0,4,longte01,2000.0,0.353
3,1995,19,-2.1,Pittsfield,NYPL,A-,NYM,51,208,187,24,48,9,4,4,31,11,4,18,36,.257,.324,.412,.735,77,2,1,1,1,2,longte01,2000.0,0.353
4,1996,20,-1.2,Capital City,SALL,A,NYM,123,519,473,66,136,26,9,12,78,32,7,36,120,.288,.342,.457,.798,216,9,5,1,4,3,longte01,2000.0,0.353
5,1997,21,-1.6,St. Lucie,FLOR,A+,NYM,126,516,470,52,118,29,7,8,61,24,8,40,102,.251,.310,.394,.704,185,6,2,0,4,4,longte01,2000.0,0.353
6,1998,22,-1.8,Binghamton,EL,AA,NYM,130,523,455,69,135,20,10,16,58,23,11,62,105,.297,.380,.490,.871,223,8,2,0,4,6,longte01,2000.0,0.353
8,1999,23,-3.9,Norfolk,IL,AAA,NYM,78,329,304,41,99,20,4,7,47,14,6,23,41,.326,.374,.487,.861,148,6,1,0,1,4,longte01,2000.0,0.353
9,1999,23,-3.9,Vancouver,PCL,AAA,OAK,40,165,154,16,38,6,2,2,21,7,5,10,29,.247,.297,.351,.648,54,4,1,0,0,2,longte01,2000.0,0.353
0,1991,22,1.1,Columbia,SALL,A,NYM,129,569,498,77,135,23,6,6,50,42,22,46,27,.271,.344,.378,.721,188,5,13,5,7,1,vinafe01,1994.0,0.341
2,1992,23,-3.0,Tidewater,IL,AAA,NYM,11,33,30,3,6,0,0,0,2,0,0,0,2,.200,.194,.200,.394,6,1,0,2,1,0,vinafe01,1994.0,0.341
3,1992,23,0.8,St. Lucie,FLOR,A+,NYM,111,462,421,61,124,15,5,1,42,36,17,32,26,.295,.347,.361,.708,152,7,3,4,2,2,vinafe01,1994.0,0.341
4,1993,24,-2.0,Norfolk,IL,AAA,NYM,73,303,287,24,66,6,4,4,27,16,11,7,17,.230,.258,.321,.578,92,12,4,4,1,2,vinafe01,1994.0,0.341
0,1988,21,0.2,Hamilton,NYPL,A-,STL,19,81,71,12,22,3,1,4,12,3,3,6,15,.310,.388,.549,.937,39,,3,1,0,1,jordabr01,1992.0,0.283
1,1989,22,-0.3,St. Petersburg,FLOR,A,STL,11,45,43,7,15,4,1,2,11,0,2,0,8,.349,.378,.628,1.006,27,1,2,0,0,0,jordabr01,1992.0,0.283
3,1990,23,-0.9,Arkansas,TL,AA,STL,16,51,50,4,8,1,0,0,0,0,0,0,11,.160,.176,.180,.356,9,,1,0,0,0,jordabr01,1992.0,0.283
4,1990,23,0.4,St. Petersburg,FLOR,A+,STL,9,32,30,3,5,0,1,0,1,0,2,2,11,.167,.219,.233,.452,7,,0,0,0,0,jordabr01,1992.0,0.283
5,1991,24,-2.5,Louisville,AA,AAA,STL,61,238,212,35,56,11,4,4,24,10,3,17,41,.264,.342,.410,.752,87,5,8,1,0,1,jordabr01,1992.0,0.283
0,1995,19,-0.2,Athletics,ARIZ,Rk,OAK,48,194,143,37,52,9,6,4,37,6,2,39,16,.364,.510,.594,1.105,85,3,8,0,4,1,hernara02,1999.0,0.351
1,1996,20,-1.6,West Michigan,MIDW,A,OAK,123,528,447,62,114,26,2,12,68,2,3,69,62,.255,.355,.403,.758,180,22,4,1,7,1,hernara02,1999.0,0.351
3,1997,21,-3.4,Huntsville,SOUL,AA,OAK,44,185,161,27,31,3,0,4,24,0,0,18,23,.193,.281,.286,.567,46,8,3,0,3,0,hernara02,1999.0,0.351
4,1997,21,-1.9,Visalia,CALL,A+,OAK,86,384,332,57,120,21,2,15,85,2,4,35,47,.361,.427,.572,.999,190,5,9,0,8,1,hernara02,1999.0,0.351
5,1998,22,-2.0,Huntsville,SOUL,AA,OAK,127,563,479,83,142,24,1,15,98,4,5,57,61,.296,.389,.445,.833,213,15,19,2,6,2,hernara02,1999.0,0.351
0,1995,21,-0.1,Elmira,NYPL,A-,FLA,51,233,213,38,67,7,4,0,22,19,7,15,31,.315,.365,.385,.750,82,1,3,0,2,0,winnra01,1998.0,0.324
1,1996,22,0.4,Kane County,MIDW,A,FLA,130,581,514,90,139,16,3,0,35,30,18,47,115,.270,.340,.313,.654,161,3,8,11,1,0,winnra01,1998.0,0.324
3,1997,23,-0.8,Portland,EL,AA,FLA,96,440,384,66,112,15,6,8,36,35,20,42,92,.292,.371,.424,.795,163,4,7,6,1,2,winnra01,1998.0,0.324
4,1997,23,0.4,Brevard County,FLOR,A+,FLA,36,167,143,26,45,8,2,0,15,16,8,16,28,.315,.400,.399,.799,57,3,5,2,1,1,winnra01,1998.0,0.324
0,1992,18,-0.9,White Sox,GULF,Rk,CHW,38,127,111,17,20,10,2,1,14,6,4,13,26,.180,.276,.333,.609,37,2,2,0,1,0,ordonma01,1998.0,0.341
1,1993,19,-2.4,Hickory,SALL,A,CHW,84,301,273,32,59,14,4,3,20,5,5,26,66,.216,.284,.330,.614,90,6,0,2,0,0,ordonma01,1998.0,0.341
2,1994,20,-1.3,Hickory,SALL,A,CHW,132,546,490,86,144,24,5,11,69,16,7,45,57,.294,.353,.431,.783,211,11,1,7,3,1,ordonma01,1998.0,0.341
3,1995,21,-1.5,Prince William,CARL,A+,CHW,131,535,487,61,116,24,2,12,65,11,5,41,71,.238,.299,.370,.669,180,16,3,0,4,0,ordonma01,1998.0,0.341
4,1996,22,-1.9,Birmingham,SOUL,AA,CHW,130,528,479,66,126,41,0,18,67,9,10,39,74,.263,.330,.461,.792,221,16,9,1,0,1,ordonma01,1998.0,0.341
5,1997,23,-3.0,Nashville,AA,AAA,CHW,135,568,523,65,172,29,3,14,90,14,10,32,61,.329,.364,.476,.840,249,18,2,2,9,5,ordonma01,1998.0,0.341
0,1996,21,0.2,Spokane,NORW,A-,KCR,67,300,231,58,63,17,0,6,39,22,5,61,32,.273,.440,.424,.864,98,5,8,0,0,2,giambje01,1999.0,0.34
2,1997,22,-2.0,Wichita,TL,AA,KCR,74,322,268,50,86,15,1,11,52,4,4,44,47,.321,.422,.507,.930,136,7,6,0,4,3,giambje01,1999.0,0.34
3,1997,22,0.4,Lansing,MIDW,A,KCR,31,142,116,33,39,11,1,5,21,5,1,23,16,.336,.451,.578,1.028,67,1,2,0,1,2,giambje01,1999.0,0.34
4,1998,23,-3.7,Omaha,PCL,AAA,KCR,96,394,325,68,121,21,2,20,66,8,5,57,64,.372,.469,.634,1.103,206,4,6,2,4,8,giambje01,1999.0,0.34
0,1994,22,0.3,Clinton,MIDW,A,SFG,119,478,407,67,120,23,4,8,60,16,12,59,69,.295,.384,.430,.814,175,7,4,1,7,2,riosar01,1999.0,0.416
1,1995,23,0.2,San Jose,CALL,A+,SFG,128,574,488,76,143,34,3,8,75,51,10,74,75,.293,.382,.424,.807,207,8,1,4,7,3,riosar01,1999.0,0.416
2,1996,24,-0.1,Shreveport,TL,AA,SFG,92,381,329,62,93,22,2,12,49,9,9,44,42,.283,.365,.471,.836,155,2,1,3,4,3,riosar01,1999.0,0.416
3,1997,25,1.0,Shreveport,TL,AA,SFG,127,534,461,86,133,30,6,14,79,17,7,63,85,.289,.370,.471,.841,217,11,0,4,6,1,riosar01,1999.0,0.416
4,1998,26,-0.7,Fresno,PCL,AAA,SFG,125,512,445,85,134,23,1,26,103,17,5,55,73,.301,.378,.533,.911,237,9,3,4,5,4,riosar01,1999.0,0.416
0,1984,19,-1.8,Watertown,NYPL,A-,PIT,65,274,229,43,74,16,3,9,58,3,1,42,58,.323,.427,.537,.964,123,,1,0,2,4,buhneja01,1988.0,0.33
1,1985,20,-2.1,Fort Lauderdale,FLOR,A,NYY,117,481,409,65,121,18,10,11,76,6,4,65,76,.296,.392,.469,.861,192,,2,1,4,4,buhneja01,1988.0,0.33
2,1986,21,-1.2,Fort Lauderdale,FLOR,A,NYY,36,155,139,24,42,9,1,7,31,1,0,15,30,.302,.368,.532,.900,74,,0,0,1,1,buhneja01,1988.0,0.33
3,1987,22,-3.6,Columbus,IL,AAA,NYY,134,563,502,83,140,23,1,31,85,4,2,55,124,.279,.351,.514,.865,258,,2,2,2,6,buhneja01,1988.0,0.33
0,1987,17,-2.7,Rangers,GULF,Rk,TEX,24,63,52,5,9,1,1,0,2,2,1,9,25,.173,.306,.231,.537,12,,1,1,0,0,hernajo01,1994.0,0.274
1,1988,18,-1.5,Rangers,GULF,Rk,TEX,55,175,162,19,26,7,1,1,13,4,1,12,36,.160,.217,.235,.452,38,,0,0,1,0,hernajo01,1994.0,0.274
2,1989,19,-2.4,Gastonia,SALL,A,TEX,91,256,215,35,47,7,6,1,16,9,2,33,67,.219,.323,.321,.644,69,,0,8,0,0,hernajo01,1994.0,0.274
3,1990,20,-2.6,Port Charlotte,FLOR,A+,TEX,121,455,388,43,99,14,7,1,44,11,8,50,122,.255,.345,.335,.680,130,,4,11,2,4,hernajo01,1994.0,0.274
5,1991,21,-5.5,Oklahoma City,AA,AAA,TEX,14,54,46,6,14,1,1,1,3,0,0,4,10,.304,.353,.435,.788,20,1,0,3,1,0,hernajo01,1994.0,0.274
6,1991,21,-3.0,Tulsa,TL,AA,TEX,91,337,301,36,72,17,4,1,20,4,3,26,75,.239,.298,.332,.630,100,6,1,5,4,0,hernajo01,1994.0,0.274
8,1992,22,-1.7,Canton-Akron,EL,AA,CLE,130,450,404,56,103,16,4,3,46,7,2,37,108,.255,.315,.337,.652,136,9,1,3,5,0,hernajo01,1994.0,0.274
11,1993,23,-4.2,Iowa,AA,AAA,CHC,6,25,24,3,6,1,0,0,3,0,0,0,2,.250,.280,.292,.572,7,1,1,0,0,0,hernajo01,1994.0,0.274
12,1993,23,-0.6,Orlando,SOUL,AA,CHC,71,289,263,42,80,8,3,8,33,8,4,20,60,.304,.352,.449,.801,118,5,0,5,1,1,hernajo01,1994.0,0.274
13,1993,23,-0.6,Canton-Akron,EL,AA,CLE,45,161,150,19,30,6,0,2,17,9,2,10,39,.200,.250,.280,.530,42,3,0,1,0,0,hernajo01,1994.0,0.274
0,1996,20,-0.9,Lowell,NYPL,A-,BOS,72,307,279,33,88,18,2,2,38,4,3,18,32,.315,.371,.416,.787,116,6,8,0,2,1,hillesh02,2001.0,0.309
2,1997,21,-1.6,Sarasota,FLOR,A+,BOS,57,232,220,25,65,12,0,2,28,9,8,7,29,.295,.320,.377,.698,83,4,2,1,2,1,hillesh02,2001.0,0.309
3,1997,21,-0.6,Michigan,MIDW,A,BOS,64,238,224,28,65,13,3,3,39,1,3,9,20,.290,.315,.415,.730,93,2,1,0,4,1,hillesh02,2001.0,0.309
4,1998,22,0.5,Michigan,MIDW,A,BOS,129,531,498,80,174,33,4,19,93,13,7,19,49,.349,.383,.546,.929,272,11,10,1,3,2,hillesh02,2001.0,0.309
5,1999,23,-1.0,Trenton,EL,AA,BOS,69,302,282,41,73,15,0,7,36,6,5,14,27,.259,.298,.387,.685,109,6,3,0,3,3,hillesh02,2001.0,0.309
6,2000,24,-0.1,Trenton,EL,AA,BOS,135,558,529,77,171,35,3,11,79,3,3,19,39,.323,.355,.463,.818,245,15,8,0,2,0,hillesh02,2001.0,0.309
0,1988,18,-3.1,Everett,NORW,A-,SFG,60,245,212,35,55,4,0,3,29,10,4,27,54,.259,.348,.321,.669,68,,3,1,2,0,claytro01,1992.0,0.29
2,1989,19,-2.9,Clinton,MIDW,A,SFG,104,437,385,39,91,13,3,0,24,28,16,39,101,.236,.309,.286,.595,110,6,4,4,5,0,claytro01,1992.0,0.29
3,1989,19,-3.4,San Jose,CALL,A,SFG,28,106,92,5,11,2,0,0,4,10,1,13,27,.120,.236,.141,.377,13,,1,0,0,0,claytro01,1992.0,0.29
4,1990,20,-2.7,San Jose,CALL,A+,SFG,123,536,460,80,123,15,10,7,71,33,15,68,98,.267,.364,.389,.753,179,,4,0,4,3,claytro01,1992.0,0.29
5,1991,21,-3.0,Shreveport,TL,AA,SFG,126,557,485,84,136,22,8,5,68,36,10,61,104,.280,.361,.390,.751,189,7,3,3,5,7,claytro01,1992.0,0.29
0,1994,18,-0.8,White Sox,GULF,Rk,CHW,32,104,87,10,21,5,0,0,14,1,1,14,15,.241,.365,.299,.664,26,0,3,0,0,0,johnsma02,1999.0,0.322
1,1995,19,-2.3,Hickory,SALL,A,CHW,107,385,319,31,58,9,0,2,17,3,5,59,52,.182,.313,.229,.542,73,4,3,2,2,1,johnsma02,1999.0,0.322
3,1996,20,-2.8,Prince William,CARL,A+,CHW,18,72,58,9,14,3,0,0,3,0,0,13,6,.241,.389,.293,.682,17,0,1,0,0,0,johnsma02,1999.0,0.322
4,1996,20,-1.6,South Bend,MIDW,A,CHW,67,262,214,29,55,14,3,2,27,3,3,39,25,.257,.368,.379,.747,81,8,1,4,4,2,johnsma02,1999.0,0.322
5,1997,21,-1.4,Winston-Salem,CARL,A+,CHW,120,491,375,59,95,27,4,4,46,4,2,106,85,.253,.420,.379,.798,142,7,5,0,5,2,johnsma02,1999.0,0.322
6,1998,22,-2.0,Birmingham,SOUL,AA,CHW,117,494,382,68,108,17,3,9,59,0,1,105,72,.283,.443,.414,.857,158,5,6,0,1,0,johnsma02,1999.0,0.322
1,1991,20,-2.3,Sarasota,FLOR,A+,CHW,5,21,19,1,2,0,1,0,2,0,1,2,0,.105,.190,.211,.401,4,1,0,0,0,0,saenzol01,1999.0,0.378
2,1991,20,-1.4,South Bend,MIDW,A,CHW,56,221,192,23,47,10,1,2,22,5,3,21,48,.245,.332,.339,.670,65,3,5,1,2,0,saenzol01,1999.0,0.378
3,1992,21,-0.5,South Bend,MIDW,A,CHW,132,545,493,66,121,26,4,7,59,16,13,36,52,.245,.309,.357,.666,176,16,11,2,3,4,saenzol01,1999.0,0.378
5,1993,22,-1.6,Birmingham,SOUL,AA,CHW,49,199,173,30,60,17,2,6,29,2,1,20,21,.347,.427,.572,.999,99,7,5,0,1,2,saenzol01,1999.0,0.378
6,1993,22,-0.3,Sarasota,FLOR,A+,CHW,33,134,121,13,31,9,4,0,27,3,1,9,18,.256,.316,.397,.712,48,1,2,1,1,0,saenzol01,1999.0,0.378
7,1993,22,0.4,South Bend,MIDW,A,CHW,13,57,50,3,18,4,1,0,7,1,1,7,7,.360,.439,.480,.919,24,1,0,0,0,0,saenzol01,1999.0,0.378
8,1994,23,-3.8,Nashville,AA,AAA,CHW,107,429,383,48,100,27,2,12,59,3,2,30,57,.261,.326,.436,.762,167,5,9,2,5,0,saenzol01,1999.0,0.378
10,1995,24,-3.0,Nashville,AA,AAA,CHW,111,478,415,60,126,26,1,13,74,0,2,45,60,.304,.385,.465,.850,193,11,12,3,3,1,saenzol01,1999.0,0.378
11,1996,25,-1.3,Nashville,AA,AAA,CHW,134,545,476,86,124,29,1,18,63,4,2,53,80,.261,.350,.439,.789,209,5,13,2,1,1,saenzol01,1999.0,0.378
12,1997,26,7.0,White Sox,GULF,Rk,CHW,2,2,1,0,1,1,0,0,0,0,0,0,0,1.000,1.000,2.000,3.000,2,0,1,0,0,0,saenzol01,1999.0,0.378
13,1998,27,0.3,Calgary,PCL,AAA,CHW,124,540,466,89,146,29,0,29,102,3,3,45,49,.313,.394,.562,.957,262,16,22,0,7,3,saenzol01,1999.0,0.378
0,1998,19,-0.2,Rockies,ARIZ,Rk,COL,40,168,148,25,41,5,3,0,17,8,1,12,25,.277,.339,.351,.691,52,1,3,3,2,0,uribeju01,2001.0,0.369
1,1999,20,-1.5,Asheville,SALL,A,COL,125,471,430,57,115,28,3,9,46,11,7,20,79,.267,.307,.409,.716,176,12,6,11,4,0,uribeju01,2001.0,0.369
2,2000,21,-1.6,Salem,CARL,A+,COL,134,533,485,64,124,22,7,13,65,22,5,38,100,.256,.314,.410,.724,199,11,4,4,2,0,uribeju01,2001.0,0.369
0,1991,17,-2.0,Astros,GULF,Rk,HOU,56,206,183,21,55,7,3,0,20,10,6,17,27,.301,.358,.372,.729,68,3,1,2,3,0,abreubo01,1997.0,0.33
1,1992,18,-3.2,Asheville,SALL,A,HOU,135,549,480,81,140,21,4,8,48,15,11,63,79,.292,.375,.402,.777,193,5,3,0,3,1,abreubo01,1997.0,0.33
2,1993,19,-3.3,Osceola,FLOR,A+,HOU,129,530,474,62,134,21,17,5,55,10,14,51,90,.283,.352,.430,.782,204,8,1,1,3,1,abreubo01,1997.0,0.33
3,1994,20,-3.9,Jackson,TL,AA,HOU,118,451,400,61,121,25,9,16,73,12,10,42,81,.303,.368,.530,.898,212,2,3,0,6,3,abreubo01,1997.0,0.33
4,1995,21,-5.5,Tucson,PCL,AAA,HOU,114,491,415,72,126,24,17,10,75,16,14,67,120,.304,.395,.516,.911,214,6,1,0,8,9,abreubo01,1997.0,0.33
5,1996,22,-4.2,Tucson,PCL,AAA,HOU,132,573,484,86,137,14,16,13,68,24,18,83,111,.283,.389,.459,.847,222,6,2,2,2,3,abreubo01,1997.0,0.33
0,1993,18,-0.9,Yankees,GULF,Rk,NYY,45,175,161,16,35,3,3,2,20,2,0,9,37,.217,.280,.311,.591,50,2,5,0,0,0,seguife01,1999.0,0.355
1,1994,19,-2.0,Oneonta,NYPL,A-,NYY,73,284,266,36,77,14,9,2,32,4,6,16,61,.289,.335,.432,.767,115,6,2,0,0,1,seguife01,1999.0,0.355
2,1995,20,-1.3,Albany,SALL,A,MON,121,498,457,59,95,22,2,12,66,12,8,28,141,.208,.260,.344,.603,157,6,6,1,6,3,seguife01,1999.0,0.355
3,1996,21,-0.2,Delmarva,SALL,A,MON,118,465,410,59,98,14,5,8,55,12,13,48,126,.239,.327,.356,.683,146,5,6,0,1,4,seguife01,1999.0,0.355
4,1997,22,-0.6,West Palm Beach,FLOR,A+,MON,124,505,456,70,116,27,5,18,83,5,5,30,129,.254,.299,.454,.753,207,1,5,0,14,3,seguife01,1999.0,0.355
6,1998,23,-3.3,Ottawa,IL,AAA,MON,32,124,109,16,28,8,0,6,16,0,0,12,43,.257,.333,.495,.829,54,1,1,1,1,0,seguife01,1999.0,0.355
7,1998,23,-0.8,Harrisburg,EL,AA,MON,80,317,281,54,81,13,0,25,69,6,1,29,77,.288,.366,.601,.967,169,6,6,0,1,4,seguife01,1999.0,0.355
0,1990,20,-0.8,Oneonta,NYPL,A-,NYY,73,305,276,47,92,13,7,4,54,19,6,23,31,.333,.393,.475,.868,131,,5,0,1,0,jordake01,1996.0,0.334
1,1991,21,-1.3,Fort Lauderdale,FLOR,A+,NYY,121,502,448,61,122,25,5,4,53,14,4,37,66,.272,.339,.377,.716,169,13,11,0,6,4,jordake01,1996.0,0.334
2,1992,22,-0.1,Prince William,CARL,A+,NYY,112,474,438,67,136,29,8,8,63,6,4,27,54,.311,.351,.468,.819,205,9,3,1,5,3,jordake01,1996.0,0.334
3,1993,23,-0.6,Albany-Colonie,EL,AA,NYY,135,567,513,87,145,33,4,16,87,8,4,41,53,.283,.344,.456,.800,234,8,9,0,4,2,jordake01,1996.0,0.334
4,1994,24,-1.9,Scranton/Wilkes-Barre,IL,AAA,PHI,81,353,314,44,91,22,1,12,57,0,2,29,28,.290,.348,.481,.829,151,9,3,0,7,2,jordake01,1996.0,0.334
5,1995,25,-1.4,Scranton/Wilkes-Barre,IL,AAA,PHI,106,453,410,61,127,29,4,5,60,3,0,28,36,.310,.361,.437,.797,179,14,8,1,6,0,jordake01,1996.0,0.334
0,1987,17,-3.9,Spokane,NORW,A-,SDP,70,283,244,52,61,8,2,2,24,8,5,35,38,.250,.346,.324,.670,79,,1,3,0,2,valenjo03,1994.0,0.344
1,1988,18,-3.3,Charleston SC,SALL,A,SDP,133,505,444,56,103,20,1,6,44,11,4,45,83,.232,.304,.322,.627,143,,3,9,4,1,valenjo03,1994.0,0.344
3,1989,19,-4.7,Wichita,TL,AA,SDP,18,57,49,8,12,1,0,2,5,1,0,5,12,.245,.315,.388,.703,19,,0,3,0,1,valenjo03,1994.0,0.344
4,1989,19,-3.4,Riverside,CALL,A,SDP,114,430,381,40,74,10,5,10,41,8,7,37,93,.194,.273,.325,.598,124,,5,5,2,1,valenjo03,1994.0,0.344
5,1990,20,-3.9,Wichita,TL,AA,SDP,11,42,36,4,10,2,0,0,2,2,1,5,7,.278,.366,.333,.699,12,,0,1,0,0,valenjo03,1994.0,0.344
6,1991,21,-3.0,Wichita,TL,AA,SDP,129,515,447,73,112,22,5,17,68,8,6,55,115,.251,.335,.436,.771,195,5,4,4,5,1,valenjo03,1994.0,0.344
7,1992,22,-4.8,Denver,AA,AAA,MIL,139,565,492,78,118,19,11,3,45,9,4,53,99,.240,.317,.341,.658,168,8,5,9,6,2,valenjo03,1994.0,0.344
9,1993,23,-4.2,New Orleans,AA,AAA,MIL,122,462,389,56,96,22,5,9,53,9,10,47,87,.247,.337,.398,.736,155,3,8,14,4,2,valenjo03,1994.0,0.344
0,1987,17,-2.9,Wytheville,APPY,Rk,CHC,51,194,169,24,53,9,3,1,28,0,1,22,39,.314,.387,.420,.807,71,,0,0,3,0,walbema01,1994.0,0.248
1,1988,18,-3.3,Charleston WV,SALL,A,CHC,104,352,312,28,68,9,0,2,24,7,5,30,44,.218,.292,.266,.558,83,,3,6,1,1,walbema01,1994.0,0.248
2,1989,19,-2.9,Peoria,MIDW,A,CHC,94,368,341,38,86,19,0,4,47,5,2,20,47,.252,.297,.343,.640,117,7,3,1,3,1,walbema01,1994.0,0.248
3,1990,20,-1.7,Peoria,MIDW,A,CHC,25,75,66,2,15,1,0,0,5,1,0,5,7,.227,.301,.242,.544,16,,2,2,0,0,walbema01,1994.0,0.248
4,1991,21,-1.1,Winston-Salem,CARL,A+,CHC,91,295,260,25,70,11,0,3,41,3,2,20,23,.269,.315,.346,.661,90,7,2,3,10,3,walbema01,1994.0,0.248
5,1992,22,-1.9,Charlotte,SOUL,AA,CHC,105,425,385,48,116,22,1,7,42,0,7,33,56,.301,.358,.418,.776,161,6,2,3,2,3,walbema01,1994.0,0.248
6,1993,23,-4.2,Iowa,AA,AAA,CHC,87,355,331,31,93,18,2,6,43,1,2,18,47,.281,.320,.402,.722,133,7,2,2,2,4,walbema01,1994.0,0.248
0,1985,21,-1.3,Fresno,CALL,A,SFG,65,289,217,41,67,14,0,10,48,11,2,62,46,.309,.458,.512,.970,111,,2,3,5,2,clarkwi02,1986.0,0.349
0,1995,18,-2.8,Idaho Falls,PION,Rk,SDP,52,219,197,36,55,8,3,5,46,0,0,17,36,.279,.338,.426,.764,84,3,1,3,1,1,davisbe01,1999.0,0.317
1,1996,19,-4.1,Rancho Cucamonga,CALL,A+,SDP,98,390,353,35,71,10,1,6,41,1,1,31,89,.201,.264,.286,.550,101,8,0,4,2,0,davisbe01,1999.0,0.317
2,1997,20,-2.9,Rancho Cucamonga,CALL,A+,SDP,122,509,474,67,132,30,1,17,76,3,1,28,107,.278,.320,.454,.773,215,11,2,2,3,2,davisbe01,1999.0,0.317
3,1998,21,-3.0,Mobile,SOUL,AA,SDP,116,489,433,65,124,29,2,14,75,4,2,42,60,.286,.352,.460,.812,199,11,6,1,7,3,davisbe01,1999.0,0.317
0,1994,18,-1.3,Cardinals,ARIZ,Rk,STL,32,135,127,17,27,4,0,1,10,4,2,7,15,.213,.259,.268,.527,34,2,1,0,0,0,polanpl01,1999.0,0.309
1,1995,19,-2.6,Peoria,MIDW,A,STL,103,394,361,43,96,7,4,2,41,7,6,18,30,.266,.303,.324,.627,117,8,2,11,2,0,polanpl01,1999.0,0.309
2,1996,20,-2.3,St. Petersburg,FLOR,A+,STL,137,582,540,65,157,29,5,0,51,4,4,24,34,.291,.323,.363,.686,196,31,5,6,7,1,polanpl01,1999.0,0.309
3,1997,21,-3.0,Arkansas,TL,AA,STL,129,549,508,71,148,16,3,2,51,19,5,29,51,.291,.331,.346,.678,176,11,3,6,3,1,polanpl01,1999.0,0.309
4,1998,22,-4.7,Memphis,PCL,AAA,STL,70,270,246,36,69,19,1,1,21,6,3,16,15,.280,.331,.378,.709,93,8,3,4,1,1,polanpl01,1999.0,0.309
0,1989,19,-2.1,Bend,NORW,A-,CAL,36,160,131,34,39,5,1,4,21,9,4,25,21,.298,.425,.443,.868,58,1,4,0,0,0,easleda01,1992.0,0.298
1,1990,20,-1.7,Quad Cities,MIDW,A,CAL,103,417,365,59,100,19,3,10,56,25,8,41,60,.274,.358,.425,.783,155,,8,1,2,0,easleda01,1992.0,0.298
2,1991,21,-3.0,Midland,TL,AA,CAL,127,525,452,73,115,24,5,6,57,23,9,58,67,.254,.347,.369,.716,167,12,7,6,2,2,easleda01,1992.0,0.298
0,1994,18,-0.8,Marlins,GULF,Rk,FLA,57,258,216,49,57,8,0,0,16,31,12,37,36,.264,.371,.301,.672,65,1,1,2,2,0,castilu01,1996.0,0.31
1,1995,19,-2.6,Kane County,MIDW,A,FLA,89,400,340,71,111,4,4,0,23,41,18,55,50,.326,.419,.362,.781,123,1,0,4,1,1,castilu01,1996.0,0.31
0,1991,21,0.3,Helena,PION,Rk,MIL,70,325,286,60,100,16,2,10,51,3,1,31,28,.350,.418,.524,.942,150,11,4,2,2,3,cirilje01,1995.0,0.379
2,1992,22,-0.5,Stockton,CALL,A+,MIL,7,31,27,2,6,1,0,0,5,0,0,2,0,.222,.323,.259,.582,7,2,2,0,0,0,cirilje01,1995.0,0.379
3,1992,22,0.5,Beloit,MIDW,A,MIL,126,545,444,65,135,27,3,9,71,21,12,84,85,.304,.417,.439,.856,195,7,6,5,6,6,cirilje01,1995.0,0.379
5,1993,23,-4.2,New Orleans,AA,AAA,MIL,58,251,215,31,63,13,2,3,32,2,1,29,33,.293,.385,.414,.799,89,7,3,4,0,0,cirilje01,1995.0,0.379
6,1993,23,-0.7,El Paso,TL,AA,MIL,67,283,249,53,85,16,2,9,41,2,3,26,37,.341,.410,.530,.940,132,5,5,0,3,1,cirilje01,1995.0,0.379
7,1994,24,-2.8,New Orleans,AA,AAA,MIL,61,268,236,45,73,18,2,10,46,4,0,28,39,.309,.386,.530,.915,125,9,2,1,1,1,cirilje01,1995.0,0.379
0,1985,21,0.4,Elmira,NYPL,A-,BOS,71,285,215,36,55,7,6,5,21,13,9,67,32,.256,.437,.414,.851,89,,2,1,0,0,anderbr01,1988.0,0.262
1,1986,22,-0.2,Winter Haven,FLOR,A,BOS,126,543,417,86,133,19,11,12,87,44,19,107,47,.319,.459,.504,.963,210,,6,7,6,5,anderbr01,1988.0,0.262
3,1987,23,-2.6,Pawtucket,IL,AAA,BOS,23,95,79,18,30,4,0,2,8,2,1,16,8,.380,.484,.506,.991,40,,0,0,0,3,anderbr01,1988.0,0.262
4,1987,23,-0.6,New Britain,EL,AA,BOS,52,219,170,30,50,4,3,6,35,7,3,45,24,.294,.445,.459,.904,78,,2,1,1,3,anderbr01,1988.0,0.262
0,1986,17,-2.3,Rangers,GULF,Rk,TEX,50,192,163,19,34,7,1,0,12,6,3,22,34,.209,.318,.264,.582,43,,5,0,2,0,palmede01,1991.0,0.311
1,1987,18,-2.9,Gastonia,SALL,A,TEX,128,527,484,51,104,16,0,9,54,4,4,36,126,.215,.277,.304,.581,147,,6,0,1,1,palmede01,1991.0,0.311
2,1988,19,-3.1,Port Charlotte,FLOR,A,TEX,74,324,305,38,81,12,1,4,35,0,0,15,69,.266,.299,.351,.650,107,12,1,,3,1,palmede01,1991.0,0.311
3,1989,20,-3.7,Tulsa,TL,AA,TEX,133,550,498,82,125,32,5,25,90,15,5,41,152,.251,.311,.486,.797,242,,4,3,4,4,palmede01,1991.0,0.311
6,1990,21,-5.2,Oklahoma City,AA,AAA,TEX,88,343,316,33,69,17,4,12,39,1,1,20,106,.218,.271,.411,.683,130,,4,0,3,0,palmede01,1991.0,0.311
7,1990,21,-2.9,Tulsa,TL,AA,TEX,7,29,24,4,7,0,1,3,9,0,1,4,10,.292,.414,.750,1.164,18,,1,0,0,1,palmede01,1991.0,0.311
1,1993,19,0.1,Braves,GULF,Rk,ATL,31,135,124,17,43,14,0,0,27,5,0,5,13,.347,.393,.460,.852,57,5,5,0,1,0,dyeje01,1996.0,0.339
2,1993,19,-0.9,Danville,APPY,Rk,ATL,25,104,94,6,26,6,1,2,12,4,1,8,10,.277,.327,.426,.752,40,2,0,0,2,1,dyeje01,1996.0,0.339
3,1994,20,-1.3,Macon,SALL,A,ATL,135,555,506,73,151,41,1,15,98,19,10,33,82,.298,.346,.472,.818,239,10,8,0,8,1,dyeje01,1996.0,0.339
4,1995,21,-3.0,Greenville,SOUL,AA,ATL,104,437,403,50,115,26,4,15,71,4,8,27,74,.285,.329,.481,.810,194,9,1,2,4,2,dyeje01,1996.0,0.339
0,1994,21,1.1,Elizabethton,APPY,Rk,MIN,34,127,107,13,25,2,1,3,10,0,0,18,27,.234,.354,.355,.709,38,3,2,0,0,0,koskico01,1999.0,0.379
1,1995,22,0.4,Fort Wayne,MIDW,A,MIN,123,515,462,64,143,37,5,16,78,2,4,38,79,.310,.370,.515,.885,238,10,9,1,5,3,koskico01,1999.0,0.379
2,1996,23,0.7,Fort Myers,FLOR,A+,MIN,95,383,338,43,88,19,4,9,55,1,1,40,76,.260,.338,.420,.758,142,4,1,1,3,0,koskico01,1999.0,0.379
3,1997,24,0.2,New Britain,EL,AA,MIN,131,536,437,88,125,26,6,23,79,9,5,90,106,.286,.414,.531,.945,232,13,7,0,2,10,koskico01,1999.0,0.379
4,1998,25,-1.7,Salt Lake,PCL,AAA,MIN,135,574,505,91,152,32,5,26,105,15,7,51,104,.301,.368,.539,.906,272,17,8,0,10,4,koskico01,1999.0,0.379
0,1996,21,-1.3,Fort Myers,FLOR,A+,MIN,1,3,3,0,2,1,0,0,1,0,1,0,0,.667,.667,1.000,1.667,3,0,0,0,0,0,jonesja05,1999.0,0.351
1,1997,22,-0.6,Fort Myers,FLOR,A+,MIN,131,577,539,84,160,33,6,15,82,24,12,33,110,.297,.340,.464,.804,250,9,3,0,2,3,jonesja05,1999.0,0.351
2,1998,23,-0.8,New Britain,EL,AA,MIN,134,566,518,78,155,39,3,21,85,18,11,37,134,.299,.349,.508,.856,263,4,4,4,3,8,jonesja05,1999.0,0.351
0,1992,20,1.1,Twins,GULF,Rk,MIN,53,217,173,39,45,8,3,2,26,20,1,27,27,.260,.375,.376,.751,65,2,9,1,7,0,lawtoma02,1996.0,0.334
1,1993,21,-0.6,Fort Wayne,MIDW,A,MIN,111,415,340,50,97,21,3,9,38,23,15,65,42,.285,.410,.444,.854,151,8,8,0,2,3,lawtoma02,1996.0,0.334
2,1994,22,-0.4,Fort Myers,FLOR,A+,MIN,122,533,446,79,134,30,1,7,51,42,19,80,64,.300,.407,.419,.826,187,7,2,2,3,3,lawtoma02,1996.0,0.334
3,1995,23,-1.0,Hardware City,EL,AA,MIN,114,485,412,75,111,19,5,13,54,26,9,56,70,.269,.371,.434,.805,179,8,12,2,3,1,lawtoma02,1996.0,0.334
0,1994,18,-2.9,Southern Oregon,NORW,A-,OAK,72,316,252,44,83,13,0,7,50,2,2,51,48,.329,.456,.464,.920,117,6,10,0,3,7,grievbe01,1998.0,0.381
2,1995,19,-3.8,Modesto,CALL,A+,OAK,28,124,107,17,28,5,0,2,14,2,0,15,22,.262,.347,.364,.711,39,3,0,0,2,1,grievbe01,1998.0,0.381
3,1995,19,-2.6,West Michigan,MIDW,A,OAK,102,445,371,53,97,16,1,4,62,11,3,60,75,.261,.371,.342,.713,127,10,8,0,6,6,grievbe01,1998.0,0.381
5,1996,20,-3.9,Huntsville,SOUL,AA,OAK,63,272,232,34,55,8,1,8,32,0,3,35,53,.237,.338,.384,.722,89,3,2,0,3,5,grievbe01,1998.0,0.381
6,1996,20,-3.1,Modesto,CALL,A+,OAK,72,324,281,61,100,20,1,11,51,8,7,38,52,.356,.430,.552,.982,155,5,1,1,3,2,grievbe01,1998.0,0.381
8,1997,21,-5.5,Edmonton,PCL,AAA,OAK,27,123,108,27,46,11,1,7,28,0,1,12,16,.426,.484,.741,1.224,80,4,1,1,1,0,grievbe01,1998.0,0.381
9,1997,21,-3.4,Huntsville,SOUL,AA,OAK,100,466,372,100,122,29,2,24,108,5,1,81,75,.328,.455,.610,1.065,227,8,9,0,4,0,grievbe01,1998.0,0.381
0,1994,18,-0.8,Pirates,GULF,Rk,PIT,30,123,110,17,29,4,1,4,11,2,1,7,15,.264,.341,.427,.769,47,0,6,0,0,0,guilljo01,1997.0,0.326
2,1995,19,-2.3,Augusta,SALL,A,PIT,10,38,34,6,8,1,1,2,6,0,0,2,9,.235,.316,.500,.816,17,0,2,0,0,0,guilljo01,1997.0,0.326
3,1995,19,-2.1,Erie,NYPL,A-,PIT,66,281,258,41,81,17,1,12,46,1,5,10,44,.314,.367,.527,.894,136,5,12,0,1,0,guilljo01,1997.0,0.326
4,1996,20,-2.8,Lynchburg,CARL,A+,PIT,136,570,528,78,170,30,0,21,94,24,13,20,73,.322,.357,.498,.855,263,16,13,1,8,1,guilljo01,1997.0,0.326
0,1995,21,-0.3,Asheville,SALL,A,COL,54,227,201,24,51,11,1,1,15,1,1,25,32,.254,.339,.333,.673,67,7,1,0,0,1,heltoto01,1998.0,0.401
2,1996,22,-4.2,Colorado Springs,PCL,AAA,COL,21,82,71,13,25,4,1,2,13,0,0,11,12,.352,.439,.521,.960,37,3,0,0,0,0,heltoto01,1998.0,0.401
3,1996,22,-1.8,New Haven,EL,AA,COL,93,375,319,46,106,24,2,7,51,2,5,51,37,.332,.425,.486,.911,155,8,1,3,1,5,heltoto01,1998.0,0.401
4,1997,23,-3.5,Colorado Springs,PCL,AAA,COL,99,460,392,87,138,31,2,16,88,3,1,61,68,.352,.434,.564,.997,221,10,0,1,6,4,heltoto01,1998.0,0.401
0,1996,18,-0.9,Royals,GULF,Rk,KCR,7,21,20,1,1,1,0,0,1,0,2,0,6,.050,.095,.100,.195,2,0,1,0,0,0,brownde02,2001.0,0.293
1,1997,19,-1.7,Spokane,NORW,A-,KCR,73,339,298,67,97,20,6,13,73,17,4,38,65,.326,.404,.564,.968,168,5,2,0,1,5,brownde02,2001.0,0.293
2,1998,20,-2.6,Wilmington,CARL,A+,KCR,128,503,442,64,114,30,2,10,58,26,10,53,115,.258,.347,.403,.749,178,12,7,1,0,5,brownde02,2001.0,0.293
5,1999,21,-3.0,Wichita,TL,AA,KCR,65,276,235,58,83,14,3,12,56,10,8,35,41,.353,.440,.591,1.031,139,2,3,1,2,1,brownde02,2001.0,0.293
6,1999,21,-1.6,Wilmington,CARL,A+,KCR,61,269,221,49,68,10,2,13,46,20,8,44,56,.308,.431,.548,.979,121,10,4,0,0,6,brownde02,2001.0,0.293
8,2000,22,-4.9,Omaha,PCL,AAA,KCR,125,522,479,76,129,25,6,23,70,20,3,37,112,.269,.324,.491,.814,235,14,3,0,3,5,brownde02,2001.0,0.293
0,1986,22,0.1,Peoria,MIDW,A,CHC,126,537,465,81,159,30,4,15,95,6,5,60,28,.342,.417,.520,.937,242,,4,2,6,6,gracema01,1988.0,0.356
1,1987,23,-0.6,Pittsfield,EL,AA,CHC,123,513,453,81,151,29,8,17,101,5,5,48,24,.333,.394,.545,.939,247,,2,3,7,11,gracema01,1988.0,0.356
0,1995,18,-1.0,Royals,GULF,Rk,KCR,52,200,180,29,50,9,0,0,23,5,3,13,30,.278,.332,.328,.659,59,1,3,1,3,0,beltrca01,1999.0,0.359
2,1996,19,-2.6,Lansing,MIDW,A,KCR,11,43,42,3,6,2,0,0,0,1,0,1,11,.143,.163,.190,.353,8,0,0,0,0,0,beltrca01,1999.0,0.359
3,1996,19,-1.8,Spokane,NORW,A-,KCR,59,251,215,29,58,8,3,7,29,10,2,31,65,.270,.359,.433,.791,93,4,0,3,2,0,beltrca01,1999.0,0.359
4,1997,20,-2.4,Wilmington,CARL,A+,KCR,120,473,419,57,96,15,4,11,46,17,7,46,96,.229,.311,.363,.673,152,10,4,3,1,3,beltrca01,1999.0,0.359
6,1998,21,-3.1,Wichita,TL,AA,KCR,47,208,182,50,64,13,3,14,44,7,1,23,30,.352,.427,.687,1.114,125,4,1,2,0,3,beltrca01,1999.0,0.359
7,1998,21,-1.6,Wilmington,CARL,A+,KCR,52,220,192,32,53,14,0,5,32,11,7,25,39,.276,.364,.427,.791,82,2,2,0,1,0,beltrca01,1999.0,0.359
0,1991,18,-1.0,White Sox,GULF,Rk,CHW,44,158,136,20,30,3,0,0,11,13,2,17,29,.221,.325,.243,.567,33,3,4,1,0,0,camermi01,1997.0,0.365
2,1992,19,-2.5,South Bend,MIDW,A,CHW,35,132,114,19,26,8,1,1,9,2,3,10,37,.228,.310,.342,.652,39,0,4,3,1,0,camermi01,1997.0,0.365
3,1992,19,-1.9,Utica,NYPL,A-,CHW,28,100,87,15,24,1,4,2,12,3,7,11,26,.276,.354,.448,.802,39,0,0,1,1,0,camermi01,1997.0,0.365
4,1993,20,-1.6,South Bend,MIDW,A,CHW,122,451,411,52,98,14,5,0,30,19,10,27,101,.238,.292,.297,.589,122,8,6,2,5,0,camermi01,1997.0,0.365
5,1994,21,-1.1,Prince William,CARL,A+,CHW,131,538,468,86,116,15,17,6,48,22,10,60,101,.248,.343,.391,.734,183,6,8,2,0,2,camermi01,1997.0,0.365
6,1995,22,-2.0,Birmingham,SOUL,AA,CHW,107,419,350,64,87,20,5,11,60,21,12,54,104,.249,.355,.429,.784,150,9,6,5,4,0,camermi01,1997.0,0.365
8,1996,23,-0.9,Birmingham,SOUL,AA,CHW,123,563,473,120,142,34,12,28,77,39,15,71,117,.300,.402,.600,1.002,284,5,12,3,4,6,camermi01,1997.0,0.365
0,1999,21,-0.5,Delmarva,SALL,A,BAL,47,201,167,22,40,12,1,0,21,17,5,27,42,.240,.347,.323,.670,54,0,1,5,1,0,roberbr01,2001.0,0.282
2,2000,22,-0.6,Frederick,CARL,A+,BAL,48,198,163,27,49,6,3,0,16,13,10,27,24,.301,.403,.374,.777,61,4,1,7,0,1,roberbr01,2001.0,0.282
3,2000,22,2.8,Orioles,GULF,Rk,BAL,9,37,29,8,9,1,2,1,3,7,1,7,4,.310,.432,.586,1.019,17,0,0,0,1,0,roberbr01,2001.0,0.282
1,1985,22,-1.4,Tulsa,TL,AA,TEX,46,193,165,24,51,10,0,3,17,6,2,24,18,.309,.401,.424,.825,70,,2,1,1,0,stanlmi02,1987.0,0.347
2,1985,22,0.2,Burlington,MIDW,A,TEX,13,49,42,8,13,2,0,1,6,0,1,6,5,.310,.388,.429,.816,18,,0,0,1,0,stanlmi02,1987.0,0.347
3,1985,22,-0.1,Salem,CARL,A,TEX,4,10,9,2,5,0,0,0,3,0,0,1,1,.556,.600,.556,1.156,5,,0,0,0,0,stanlmi02,1987.0,0.347
5,1986,23,-3.0,Oklahoma City,AA,AAA,TEX,56,249,202,37,74,13,3,5,49,1,1,44,42,.366,.480,.535,1.014,108,,1,1,1,0,stanlmi02,1987.0,0.347
6,1986,23,-0.9,Tulsa,TL,AA,TEX,67,276,235,41,69,16,2,6,35,5,3,34,26,.294,.382,.455,.837,107,,2,1,4,1,stanlmi02,1987.0,0.347
1,1991,21,-2.7,Orlando,SOUL,AA,MIN,28,100,88,18,23,4,0,3,11,0,1,10,20,.261,.350,.409,.759,36,1,2,0,0,0,mccarda01,1993.0,0.26
2,1991,21,-1.9,Visalia,CALL,A+,MIN,15,66,50,16,19,3,0,3,8,3,1,13,7,.380,.530,.620,1.150,31,0,3,0,0,0,mccarda01,1993.0,0.26
4,1992,22,-4.5,Portland,PCL,AAA,MIN,7,33,26,7,13,2,0,1,8,1,0,5,3,.500,.594,.692,1.286,18,1,1,1,0,0,mccarda01,1993.0,0.26
5,1992,22,-1.9,Orlando,SOUL,AA,MIN,129,526,456,75,124,16,2,18,79,6,6,55,89,.272,.356,.434,.790,198,8,8,1,6,5,mccarda01,1993.0,0.26
1,1993,22,-0.3,Fort Lauderdale,FLOR,A+,BOS,44,174,156,14,38,1,1,2,21,1,1,13,26,.244,.299,.301,.600,47,6,1,0,4,1,merlolo01,1999.0,0.304
2,1993,22,3.1,Red Sox,GULF,Rk,BOS,4,16,14,4,5,1,0,0,1,1,1,1,1,.357,.438,.429,.866,6,0,1,0,0,0,merlolo01,1999.0,0.304
3,1994,23,0.6,Sarasota,FLOR,A+,BOS,113,479,419,59,120,16,2,1,63,5,2,36,57,.286,.345,.341,.687,143,11,7,7,10,4,merlolo01,1999.0,0.304
4,1995,24,0.0,Trenton,EL,AA,BOS,93,381,318,42,88,16,1,1,30,7,7,39,50,.277,.373,.343,.716,109,1,11,11,2,3,merlolo01,1999.0,0.304
6,1996,25,-1.5,Pawtucket,IL,AAA,BOS,38,132,115,19,29,6,0,1,12,0,1,10,20,.252,.328,.330,.659,38,1,3,4,0,0,merlolo01,1999.0,0.304
7,1996,25,1.2,Trenton,EL,AA,BOS,28,110,95,11,22,6,1,3,16,0,2,9,18,.232,.330,.411,.741,39,2,5,1,0,1,merlolo01,1999.0,0.304
8,1996,25,6.1,Red Sox,GULF,Rk,BOS,1,5,4,1,1,0,0,0,1,0,0,0,0,.250,.200,.250,.450,1,0,0,0,1,0,merlolo01,1999.0,0.304
10,1997,26,-0.2,Pawtucket,IL,AAA,BOS,49,186,165,24,49,10,0,5,24,0,2,15,20,.297,.368,.448,.816,74,4,4,1,1,2,merlolo01,1999.0,0.304
11,1997,26,2.2,Trenton,EL,AA,BOS,69,302,255,49,79,17,4,5,37,3,2,30,43,.310,.402,.467,.869,119,2,12,1,4,1,merlolo01,1999.0,0.304
13,1998,27,0.7,Pawtucket,IL,AAA,BOS,27,113,88,17,34,3,1,8,22,2,2,16,13,.386,.518,.716,1.234,63,2,8,1,0,0,merlolo01,1999.0,0.304
14,1998,27,7.7,Red Sox,GULF,Rk,BOS,1,1,1,0,0,0,0,0,0,0,0,0,0,.000,.000,.000,.000,0,0,0,0,0,0,merlolo01,1999.0,0.304
0,1997,21,-4.8,St. Paul,NORL,Ind,,44,203,170,51,58,6,1,18,50,5,3,30,40,.341,.443,.706,1.149,120,1,2,0,1,0,drewj.01,1999.0,0.36
2,1998,22,-4.7,Memphis,PCL,AAA,STL,26,102,79,15,25,8,1,2,13,1,3,22,18,.316,.471,.519,.990,41,1,1,0,0,0,drewj.01,1999.0,0.36
3,1998,22,-2.1,Arkansas,TL,AA,STL,19,81,67,18,22,3,1,5,11,2,1,13,15,.328,.444,.627,1.071,42,0,1,0,0,1,drewj.01,1999.0,0.36
4,1998,22,-3.8,St. Paul,NORL,Ind,,30,141,114,27,44,11,2,9,33,8,1,21,32,.386,.504,.754,1.258,86,2,6,0,0,5,drewj.01,1999.0,0.36
0,1994,22,1.0,Jamestown,NYPL,A-,DET,65,266,235,37,70,18,6,5,41,9,7,23,32,.298,.365,.489,.854,115,1,4,0,4,0,trammbu01,1998.0,0.399
1,1995,23,0.7,Lakeland,FLOR,A+,DET,122,510,454,61,129,32,3,16,72,13,3,48,80,.284,.355,.474,.828,215,9,4,0,4,2,trammbu01,1998.0,0.399
3,1996,24,-2.5,Toledo,IL,AAA,DET,51,203,180,32,53,14,1,6,24,5,1,22,44,.294,.369,.483,.853,87,1,0,0,1,1,trammbu01,1998.0,0.399
4,1996,24,0.1,Jacksonville,SOUL,AA,DET,83,352,311,63,102,23,2,27,75,3,2,32,61,.328,.403,.675,1.079,210,11,8,0,1,6,trammbu01,1998.0,0.399
5,1997,25,-1.2,Toledo,IL,AAA,DET,90,366,319,56,80,15,1,28,75,2,2,38,91,.251,.336,.567,.903,181,1,5,0,4,1,trammbu01,1998.0,0.399
0,1992,18,-0.9,Yankees,GULF,Rk,NYY,53,244,194,37,53,10,3,1,20,21,6,42,49,.273,.417,.371,.788,72,2,6,2,0,0,riverru01,1998.0,0.331
1,1993,19,-2.0,Oneonta,NYPL,A-,NYY,55,240,199,45,55,7,6,13,47,12,5,32,66,.276,.385,.568,.953,113,2,5,1,3,1,riverru01,1998.0,0.331
3,1994,20,-2.4,Tampa,FLOR,A+,NYY,34,143,134,18,35,4,3,5,20,12,5,8,38,.261,.308,.448,.755,60,7,1,0,0,0,riverru01,1998.0,0.331
4,1994,20,-1.3,Greensboro,SALL,A,NYY,105,457,400,83,115,24,3,28,81,36,5,47,125,.288,.372,.573,.944,229,6,8,0,2,1,riverru01,1998.0,0.331
6,1995,21,-5.4,Columbus,IL,AAA,NYY,48,204,174,37,47,8,2,15,35,8,4,26,62,.270,.373,.598,.970,104,5,3,0,1,0,riverru01,1998.0,0.331
7,1995,21,-3.0,Norwich,EL,AA,NYY,71,306,256,49,75,16,8,9,39,16,8,37,77,.293,.402,.523,.925,134,4,11,0,2,2,riverru01,1998.0,0.331
9,1996,22,-4.5,Columbus,IL,AAA,NYY,101,412,362,59,85,20,4,10,46,15,10,40,96,.235,.324,.395,.719,143,4,8,1,1,4,riverru01,1998.0,0.331
12,1997,23,-3.5,Las Vegas,PCL,AAA,SDP,12,50,48,6,12,5,1,1,6,1,0,1,20,.250,.280,.458,.738,22,0,1,0,0,0,riverru01,1998.0,0.331
13,1997,23,0.1,Rancho Cucamonga,CALL,A+,SDP,6,27,23,6,4,1,0,1,3,1,0,3,9,.174,.259,.348,.607,8,0,0,0,1,0,riverru01,1998.0,0.331
1,1983,18,-3.5,Quad Cities,MIDW,A,CHC,44,148,119,17,29,6,2,0,10,10,8,26,30,.244,.378,.328,.706,39,,1,0,2,0,martida01,1987.0,0.358
2,1983,18,-2.9,Geneva,NYPL,A-,CHC,64,284,241,35,63,15,2,5,33,16,6,40,52,.261,.364,.402,.766,97,,0,1,2,1,martida01,1987.0,0.358
3,1984,19,-2.7,Quad Cities,MIDW,A,CHC,12,51,41,6,9,2,2,0,5,3,4,9,13,.220,.373,.366,.738,15,,1,0,0,0,martida01,1987.0,0.358
4,1985,20,-2.1,Winston-Salem,CARL,A,CHC,115,454,386,52,132,14,4,5,54,38,14,62,35,.342,.435,.438,.873,169,,3,1,2,5,martida01,1987.0,0.358
5,1986,21,-5.0,Iowa,AA,AAA,CHC,83,362,318,52,92,11,5,5,32,42,5,36,34,.289,.360,.403,.763,128,,1,4,3,1,martida01,1987.0,0.358
0,1986,17,-3.3,Helena,PION,Rk,MIL,57,253,222,53,81,12,2,15,71,14,4,20,14,.365,.413,.640,1.052,142,,3,1,7,2,sheffga01,1989.0,0.303
1,1987,18,-4.7,Stockton,CALL,A,MIL,129,570,469,84,130,23,3,17,103,25,15,81,48,.277,.388,.448,.836,210,,8,6,6,8,sheffga01,1989.0,0.303
3,1988,19,-7.3,Denver,AA,AAA,MIL,57,244,212,42,73,9,5,9,54,8,4,21,22,.344,.407,.561,.969,119,,5,1,5,1,sheffga01,1989.0,0.303
4,1988,19,-4.9,El Paso,TL,AA,MIL,77,343,296,70,93,19,3,19,65,5,4,35,41,.314,.386,.591,.978,175,9,3,4,5,0,sheffga01,1989.0,0.303
0,1994,17,-1.8,Braves,GULF,Rk,ATL,33,106,100,9,24,5,0,2,12,0,0,1,13,.240,.267,.350,.617,35,1,3,1,1,0,lunarfe01,2001.0,0.275
2,1995,18,-3.3,Macon,SALL,A,ATL,39,150,134,13,24,2,0,0,9,1,0,10,38,.179,.252,.194,.446,26,3,3,3,0,0,lunarfe01,2001.0,0.275
3,1995,18,-2.7,Eugene,NORW,A-,ATL,38,142,131,13,32,6,0,2,16,0,1,9,28,.244,.293,.336,.629,44,2,0,2,0,0,lunarfe01,2001.0,0.275
4,1996,19,-2.2,Macon,SALL,A,ATL,104,380,343,33,63,9,0,7,33,3,2,20,65,.184,.252,.271,.523,93,11,12,3,2,0,lunarfe01,2001.0,0.275
5,1997,20,-1.5,Macon,SALL,A,ATL,105,406,380,41,99,26,2,7,37,0,1,18,42,.261,.302,.395,.697,150,11,5,2,1,1,lunarfe01,2001.0,0.275
6,1998,21,-1.6,Danville,CARL,A+,ATL,91,306,286,19,63,9,0,3,28,1,1,6,52,.220,.266,.283,.550,81,8,12,2,0,0,lunarfe01,2001.0,0.275
7,1999,22,-2.6,Greenville,SOUL,AA,ATL,105,367,343,33,77,15,1,3,35,0,1,12,64,.224,.275,.300,.575,103,7,12,0,0,5,lunarfe01,2001.0,0.275
10,2000,23,-1.2,Greenville,SOUL,AA,ATL,31,110,102,6,17,3,0,0,4,0,0,8,15,.167,.227,.196,.423,20,2,0,0,0,0,lunarfe01,2001.0,0.275
11,2000,23,-1.1,Bowie,EL,AA,BAL,22,89,80,12,23,7,1,0,8,0,0,6,8,.288,.360,.400,.760,32,4,3,0,0,0,lunarfe01,2001.0,0.275
1,1993,22,-0.7,Central Valley,CALL,A+,COL,21,85,73,16,21,1,0,0,7,5,0,10,15,.288,.381,.301,.682,22,2,1,1,0,0,joneste02,1998.0,0.29
2,1993,22,1.0,Bend,NORW,A-,COL,33,152,138,21,40,5,4,0,18,16,6,12,19,.290,.347,.384,.731,53,0,0,2,0,1,joneste02,1998.0,0.29
3,1994,23,0.4,Central Valley,CALL,A+,COL,129,590,536,94,157,20,1,2,34,44,12,42,85,.293,.345,.345,.690,185,12,1,10,1,1,joneste02,1998.0,0.29
4,1995,24,0.0,New Haven,EL,AA,COL,124,520,472,78,127,12,1,1,26,51,19,39,104,.269,.327,.305,.632,144,6,3,3,3,0,joneste02,1998.0,0.29
5,1996,25,-1.2,Colorado Springs,PCL,AAA,COL,128,541,497,75,143,7,4,0,33,26,14,37,80,.288,.337,.318,.655,158,5,1,4,2,3,joneste02,1998.0,0.29
7,1997,26,-0.5,Colorado Springs,PCL,AAA,COL,92,396,363,70,98,14,4,1,25,36,6,25,49,.270,.315,.339,.654,123,3,0,6,2,0,joneste02,1998.0,0.29
0,1994,21,0.1,Billings,PION,Rk,CIN,67,301,256,48,70,15,5,7,55,6,3,36,35,.273,.362,.453,.815,116,7,3,0,6,3,booneaa01,1998.0,0.346
2,1995,22,-2.0,Chattanooga,SOUL,AA,CIN,23,74,66,6,15,3,0,0,3,2,0,5,12,.227,.274,.273,.547,18,5,0,1,2,0,booneaa01,1998.0,0.346
3,1995,22,-0.5,Winston-Salem,CARL,A+,CIN,108,453,395,61,103,19,1,14,50,11,7,43,77,.261,.345,.420,.765,166,4,9,4,2,7,booneaa01,1998.0,0.346
4,1996,23,-0.9,Chattanooga,SOUL,AA,CIN,136,596,548,86,158,44,7,17,95,21,10,38,77,.288,.338,.487,.825,267,5,5,1,4,4,booneaa01,1998.0,0.346
5,1997,24,-2.0,Indianapolis,AA,AAA,CIN,131,523,476,79,138,30,4,22,75,12,4,40,81,.290,.344,.508,.853,242,11,1,3,3,3,booneaa01,1998.0,0.346
0,1991,18,-1.0,Blue Jays,GULF,Rk,TOR,53,208,191,29,40,5,4,0,10,7,2,12,41,.209,.267,.277,.544,53,3,3,2,0,0,gonzaal01,1995.0,0.329
1,1992,19,-2.2,Myrtle Beach,SALL,A,TOR,135,581,535,83,145,22,9,10,62,26,14,38,119,.271,.322,.402,.724,215,9,3,3,2,2,gonzaal01,1995.0,0.329
2,1993,20,-3.6,Knoxville,SOUL,AA,TOR,142,610,561,93,162,29,7,16,69,38,13,39,110,.289,.339,.451,.790,253,9,6,0,4,2,gonzaal01,1995.0,0.329
3,1994,21,-4.9,Syracuse,IL,AAA,TOR,110,497,437,69,124,22,4,12,57,23,6,53,92,.284,.361,.435,.796,190,9,1,4,2,1,gonzaal01,1995.0,0.329
0,1992,21,0.0,Bend,NORW,A-,,18,72,61,11,15,6,1,0,8,1,2,9,10,.246,.352,.377,.729,23,2,1,1,0,1,counscr01,1997.0,0.36
1,1993,22,-0.7,Central Valley,CALL,A+,COL,131,578,471,79,132,26,3,5,59,14,8,95,68,.280,.401,.380,.781,179,8,3,5,4,1,counscr01,1997.0,0.36
2,1994,23,-1.1,New Haven,EL,AA,COL,83,345,300,47,84,20,1,5,37,4,1,37,32,.280,.366,.403,.770,121,6,5,1,2,4,counscr01,1997.0,0.36
3,1995,24,-2.5,Colorado Springs,PCL,AAA,COL,118,444,399,60,112,22,6,5,53,10,2,34,47,.281,.336,.404,.739,161,12,2,3,6,7,counscr01,1997.0,0.36
5,1996,25,-1.2,Colorado Springs,PCL,AAA,COL,25,99,75,17,18,3,0,2,10,4,3,24,7,.240,.424,.360,.784,27,2,0,0,0,1,counscr01,1997.0,0.36
1,1987,21,-1.2,West Palm Beach,FLOR,A,MON,50,223,189,29,54,11,2,2,22,8,3,30,25,.286,.378,.397,.775,75,,0,1,3,0,vandejo02,1992.0,0.313
2,1987,21,0.4,Jamestown,NYPL,A-,MON,18,73,69,24,33,12,3,3,15,3,2,3,14,.478,.493,.870,1.363,60,,0,0,1,0,vandejo02,1992.0,0.313
4,1988,22,-1.7,Jacksonville,SOUL,AA,MON,58,227,208,22,54,14,0,3,14,3,4,17,49,.260,.317,.370,.687,77,,1,0,1,1,vandejo02,1992.0,0.313
5,1988,22,-0.1,West Palm Beach,FLOR,A,MON,62,272,231,50,64,15,2,10,33,11,4,32,40,.277,.368,.489,.857,113,0,3,3,3,2,vandejo02,1992.0,0.313
6,1989,23,-0.3,Jacksonville,SOUL,AA,MON,71,242,217,30,55,9,2,6,24,2,3,22,51,.253,.322,.396,.719,86,,1,0,2,1,vandejo02,1992.0,0.313
8,1990,24,-2.2,Indianapolis,AA,AAA,MON,51,148,135,16,40,6,0,2,14,0,1,13,28,.296,.358,.385,.743,52,,0,0,0,0,vandejo02,1992.0,0.313
9,1990,24,0.5,Jacksonville,SOUL,AA,MON,77,321,277,45,84,25,3,8,40,6,3,39,46,.303,.393,.502,.894,139,,3,0,2,2,vandejo02,1992.0,0.313
10,1991,25,-1.5,Indianapolis,AA,AAA,MON,133,564,478,84,140,36,8,15,71,8,1,79,118,.293,.393,.496,.888,237,10,2,1,4,4,vandejo02,1992.0,0.313
0,1994,22,3.2,Expos,GULF,Rk,MON,31,118,104,23,28,8,2,1,6,4,1,14,15,.269,.356,.413,.769,43,3,0,0,0,0,maciajo01,2000.0,0.33
1,1995,23,1.9,Vermont,NYPL,A-,MON,53,199,176,24,42,4,2,0,9,11,7,19,19,.239,.320,.284,.604,50,3,2,2,0,0,maciajo01,2000.0,0.33
2,1996,24,2.8,Delmarva,SALL,A,MON,116,440,369,64,91,13,4,1,33,38,15,56,48,.247,.353,.312,.665,115,2,6,7,2,1,maciajo01,2000.0,0.33
3,1997,25,2.4,Lakeland,FLOR,A+,DET,122,488,424,54,113,18,2,2,21,10,14,52,33,.267,.348,.333,.680,141,10,2,8,2,1,maciajo01,2000.0,0.33
4,1998,26,2.0,Jacksonville,SOUL,AA,DET,128,573,511,82,156,28,10,12,71,6,9,52,46,.305,.372,.470,.842,240,4,4,3,3,2,maciajo01,2000.0,0.33
5,1999,27,0.1,Toledo,IL,AAA,DET,112,485,438,44,107,18,8,2,36,10,5,36,60,.244,.306,.336,.642,147,8,4,5,2,0,maciajo01,2000.0,0.33
0,1992,20,1.0,Mariners,ARIZ,Rk,SEA,33,131,120,25,37,8,2,1,16,1,2,9,18,.308,.366,.433,.800,52,3,2,0,0,1,ibanera01,1999.0,0.339
2,1993,21,-0.6,Appleton,MIDW,A,SEA,52,185,157,26,43,9,0,5,21,0,2,24,31,.274,.370,.427,.796,67,2,1,1,2,2,ibanera01,1999.0,0.339
3,1993,21,0.0,Bellingham,NORW,A-,SEA,43,156,134,16,38,5,2,0,15,0,3,21,23,.284,.378,.351,.729,47,0,0,0,1,1,ibanera01,1999.0,0.339
4,1994,22,0.3,Appleton,MIDW,A,SEA,91,363,327,55,102,30,3,7,59,10,5,32,37,.312,.375,.486,.861,159,3,2,0,2,3,ibanera01,1999.0,0.339
5,1995,23,0.2,Riverside,CALL,A+,SEA,95,414,361,59,120,23,9,20,108,4,3,41,49,.332,.395,.612,1.007,221,7,2,1,9,1,ibanera01,1999.0,0.339
7,1996,24,-2.2,Tacoma,PCL,AAA,SEA,111,456,405,59,115,20,3,11,47,7,7,44,56,.284,.353,.430,.783,174,4,2,0,5,2,ibanera01,1999.0,0.339
8,1996,24,0.1,Port City,SOUL,AA,SEA,19,85,76,12,28,8,1,1,13,3,2,8,7,.368,.424,.539,.963,41,1,0,0,1,1,ibanera01,1999.0,0.339
10,1997,25,-1.5,Tacoma,PCL,AAA,SEA,111,478,438,84,133,30,5,15,84,7,5,32,75,.304,.349,.498,.847,218,12,1,3,4,1,ibanera01,1999.0,0.339
12,1998,26,-0.7,Tacoma,PCL,AAA,SEA,52,216,190,24,41,8,1,6,25,1,1,24,47,.216,.301,.363,.664,69,3,0,0,2,2,ibanera01,1999.0,0.339
0,1990,20,0.5,Elizabethton,APPY,Rk,MIN,14,54,45,7,10,1,0,1,6,1,0,9,3,.222,.352,.311,.663,14,,0,0,0,0,milleda02,1998.0,0.348
1,1991,21,-0.4,Kenosha,MIDW,A,MIN,80,298,267,28,62,11,1,3,34,3,2,24,53,.232,.297,.315,.612,84,4,2,2,3,1,milleda02,1998.0,0.348
2,1992,22,0.5,Kenosha,MIDW,A,MIN,115,443,377,53,110,27,2,5,56,6,1,53,66,.292,.385,.414,.799,156,13,7,2,4,1,milleda02,1998.0,0.348
4,1993,23,-0.6,Nashville,SOUL,AA,MIN,4,15,13,0,3,0,0,0,0,0,0,2,4,.231,.333,.231,.564,3,0,0,0,0,0,milleda02,1998.0,0.348
5,1993,23,0.7,Fort Myers,FLOR,A+,MIN,87,357,325,31,69,12,1,1,26,6,3,31,44,.212,.281,.265,.546,86,5,0,1,0,0,milleda02,1998.0,0.348
6,1994,24,0.1,Nashville,SOUL,AA,MIN,103,371,328,36,88,10,0,8,35,4,6,35,51,.268,.336,.372,.708,122,11,1,2,5,2,milleda02,1998.0,0.348
7,1995,25,-1.5,Salt Lake,PCL,AAA,MIN,83,320,295,39,84,23,1,3,41,2,4,15,39,.285,.324,.400,.724,118,11,3,5,2,1,milleda02,1998.0,0.348
8,1996,26,-0.2,Salt Lake,PCL,AAA,MIN,104,422,385,54,110,27,1,7,55,1,4,25,58,.286,.336,.416,.751,160,13,6,2,4,2,milleda02,1998.0,0.348
9,1997,27,0.5,Salt Lake,PCL,AAA,MIN,85,350,314,48,106,19,3,11,82,6,1,29,62,.338,.395,.522,.918,164,7,3,1,3,0,milleda02,1998.0,0.348
1,1995,21,-1.8,Lake Elsinore,CALL,A+,CAL,25,120,113,24,41,7,3,5,24,3,0,6,22,.363,.392,.611,1.002,69,2,0,0,1,0,erstada01,1996.0,0.319
2,1995,21,1.8,Angels,ARIZ,Rk,CAL,4,19,18,2,10,1,0,0,1,1,0,1,1,.556,.579,.611,1.190,11,0,0,0,0,0,erstada01,1996.0,0.319
0,1994,20,-1.0,Oneonta,NYPL,A-,NYY,50,209,177,28,40,9,2,4,26,5,3,24,53,.226,.335,.367,.702,65,2,6,0,2,2,buchabr01,2001.0,0.356
1,1995,21,-0.3,Greensboro,SALL,A,NYY,23,106,96,19,29,3,0,3,12,7,1,9,17,.302,.368,.427,.795,41,1,1,0,0,1,buchabr01,2001.0,0.356
2,1996,22,-0.3,Tampa,FLOR,A+,NYY,131,575,526,65,137,22,4,10,58,23,8,37,108,.260,.321,.375,.695,197,14,10,1,1,6,buchabr01,2001.0,0.356
4,1997,23,-3.2,Columbus,IL,AAA,NYY,18,70,61,8,17,1,0,4,7,2,1,4,11,.279,.348,.492,.840,30,3,3,1,1,0,buchabr01,2001.0,0.356
5,1997,23,-0.8,Norwich,EL,AA,NYY,116,519,470,75,145,25,2,10,69,11,9,32,85,.309,.362,.434,.796,204,11,11,0,6,0,buchabr01,2001.0,0.356
6,1998,24,-2.7,Salt Lake,PCL,AAA,MIN,133,547,500,74,139,29,3,17,82,14,2,36,90,.278,.337,.450,.787,225,7,9,1,1,1,buchabr01,2001.0,0.356
7,1999,25,-1.9,Salt Lake,PCL,AAA,MIN,107,431,391,67,116,24,1,10,60,11,2,28,85,.297,.355,.440,.795,172,14,9,0,3,0,buchabr01,2001.0,0.356
8,2000,26,-0.9,Salt Lake,PCL,AAA,MIN,95,419,364,82,108,20,1,27,103,5,1,41,75,.297,.363,.580,.942,211,16,3,0,11,1,buchabr01,2001.0,0.356
0,1996,18,-0.9,Yankees,GULF,Rk,NYY,42,187,170,37,50,8,2,1,21,7,6,10,31,.294,.341,.382,.723,65,2,3,2,2,0,guzmacr01,1999.0,0.255
2,1997,19,-3.6,Tampa,FLOR,A+,NYY,4,15,14,4,4,0,0,0,1,0,1,1,1,.286,.333,.286,.619,4,0,0,0,0,0,guzmacr01,1999.0,0.255
3,1997,19,-2.5,Greensboro,SALL,A,NYY,124,528,495,68,135,21,4,4,52,23,12,17,105,.273,.309,.356,.665,176,3,10,4,2,0,guzmacr01,1999.0,0.255
4,1998,20,-3.8,New Britain,EL,AA,MIN,140,606,566,68,157,29,5,1,40,23,14,21,111,.277,.304,.352,.655,199,13,1,17,1,1,guzmacr01,1999.0,0.255
0,1994,21,0.0,Vermont,NYPL,A-,MON,63,279,241,48,83,15,1,3,38,5,5,33,21,.344,.428,.452,.880,109,4,3,1,1,0,blumge01,1999.0,0.363
1,1995,22,-0.3,West Palm Beach,FLOR,A+,MON,125,502,457,54,120,20,2,1,62,6,5,34,61,.263,.313,.322,.635,147,12,3,1,7,1,blumge01,1999.0,0.363
2,1996,23,-0.8,Harrisburg,EL,AA,MON,120,472,396,47,95,22,2,1,41,6,7,59,51,.240,.341,.313,.654,124,11,3,11,3,2,blumge01,1999.0,0.363
3,1997,24,-2.2,Ottawa,IL,AAA,MON,118,480,407,59,101,21,2,3,35,14,6,52,73,.248,.333,.332,.665,135,6,3,12,6,1,blumge01,1999.0,0.363
5,1998,25,-1.3,Ottawa,IL,AAA,MON,8,27,23,1,4,0,0,0,1,0,0,3,6,.174,.269,.174,.443,4,0,0,1,0,0,blumge01,1999.0,0.363
6,1998,25,1.2,Harrisburg,EL,AA,MON,39,162,139,25,43,12,3,6,21,2,1,17,24,.309,.400,.568,.968,79,3,4,2,0,0,blumge01,1999.0,0.363
7,1998,25,2.5,Jupiter,FLOR,A+,MON,17,75,58,13,16,6,0,0,5,1,0,13,14,.276,.411,.379,.790,22,0,1,2,1,1,blumge01,1999.0,0.363
8,1998,25,5.7,Expos,GULF,Rk,MON,5,19,18,0,3,1,1,0,1,0,0,1,4,.167,.211,.333,.544,6,0,0,0,0,0,blumge01,1999.0,0.363
0,1990,18,-1.2,Expos,GULF,Rk,MON,57,243,221,33,66,7,4,5,34,10,7,17,33,.299,.362,.434,.797,96,,5,0,0,0,whitero02,1994.0,0.368
1,1991,19,-1.9,Sumter,SALL,A,MON,123,534,465,80,122,23,6,13,68,50,17,57,109,.262,.349,.422,.770,196,8,7,1,4,3,whitero02,1994.0,0.368
3,1992,20,-3.7,Harrisburg,EL,AA,MON,21,99,89,22,27,7,1,2,7,6,1,6,14,.303,.374,.472,.846,42,3,4,0,0,0,whitero02,1994.0,0.368
4,1992,20,-2.2,West Palm Beach,FLOR,A+,MON,111,505,450,80,142,10,12,4,41,42,16,46,78,.316,.384,.418,.802,188,7,5,3,1,4,whitero02,1994.0,0.368
6,1993,21,-5.0,Ottawa,IL,AAA,MON,37,165,150,28,57,8,2,7,32,10,1,12,20,.380,.436,.600,1.036,90,4,3,0,0,1,whitero02,1994.0,0.368
7,1993,21,-2.6,Harrisburg,EL,AA,MON,90,402,372,72,122,16,10,12,52,21,6,22,72,.328,.371,.522,.892,194,3,5,0,3,1,whitero02,1994.0,0.368
0,1991,17,-2.4,Mariners,ARIZ,Rk,SEA,46,192,163,36,44,7,3,0,18,17,2,22,24,.270,.351,.350,.700,57,0,1,1,5,1,relafde01,1998.0,0.291
1,1992,18,-4.1,Peninsula,CARL,A+,SEA,130,495,445,53,96,18,1,3,34,27,7,39,88,.216,.277,.281,.558,125,7,1,4,6,1,relafde01,1998.0,0.291
2,1993,19,-4.6,Jacksonville,SOUL,AA,SEA,133,539,472,49,115,16,4,8,47,16,12,50,103,.244,.323,.345,.668,163,4,7,6,4,1,relafde01,1998.0,0.291
4,1994,20,-3.9,Jacksonville,SOUL,AA,SEA,37,169,143,24,29,7,3,3,11,10,1,22,28,.203,.305,.357,.662,51,2,0,2,2,0,relafde01,1998.0,0.291
5,1994,20,-2.6,Riverside,CALL,A+,SEA,99,465,374,95,116,27,5,5,59,27,6,78,78,.310,.429,.449,.878,168,7,4,3,6,6,relafde01,1998.0,0.291
7,1995,21,-5.5,Tacoma,PCL,AAA,SEA,30,128,113,20,27,5,1,2,7,6,0,13,24,.239,.313,.354,.666,40,2,0,0,2,2,relafde01,1998.0,0.291
8,1995,21,-3.0,Port City,SOUL,AA,SEA,90,397,352,51,101,11,2,7,27,25,9,41,58,.287,.365,.389,.754,137,4,2,2,0,2,relafde01,1998.0,0.291
10,1996,22,-4.2,Tacoma,PCL,AAA,SEA,93,348,317,27,65,12,0,4,32,10,6,23,58,.205,.259,.281,.539,89,7,1,4,3,0,relafde01,1998.0,0.291
11,1996,22,-4.5,Scranton/Wilkes-Barre,IL,AAA,PHI,21,96,85,12,20,4,1,1,11,7,1,8,19,.235,.305,.341,.646,29,0,1,1,1,0,relafde01,1998.0,0.291
13,1997,23,-3.2,Scranton/Wilkes-Barre,IL,AAA,PHI,131,576,517,82,138,34,4,9,53,29,8,43,77,.267,.329,.400,.729,207,12,7,4,5,0,relafde01,1998.0,0.291
0,1996,22,1.1,Jamestown,NYPL,A-,DET,43,147,133,18,33,6,0,1,14,3,1,12,25,.248,.306,.316,.622,42,4,0,0,2,1,fickro01,2000.0,0.328
1,1997,23,1.4,West Michigan,MIDW,A,DET,122,546,463,100,158,50,3,16,90,13,4,75,74,.341,.429,.566,.994,262,10,1,0,7,11,fickro01,2000.0,0.328
2,1998,24,0.0,Jacksonville,SOUL,AA,DET,130,601,515,101,164,47,6,18,114,8,4,71,83,.318,.401,.538,.939,277,8,6,0,9,6,fickro01,2000.0,0.328
5,1999,25,-1.9,Toledo,IL,AAA,DET,14,58,48,11,15,0,1,2,8,1,0,8,5,.313,.414,.479,.893,23,0,1,0,1,0,fickro01,2000.0,0.328
6,1999,25,3.4,West Michigan,MIDW,A,DET,3,13,11,2,3,0,0,0,0,1,0,2,0,.273,.385,.273,.657,3,0,0,0,0,0,fickro01,2000.0,0.328
7,1999,25,5.8,Tigers,GULF,Rk,DET,3,11,9,2,3,1,0,0,2,1,0,2,0,.333,.455,.444,.899,4,0,0,0,0,0,fickro01,2000.0,0.328
0,1983,20,-1.3,Columbia,SALL,A,NYM,64,274,220,41,74,13,1,3,32,2,2,51,29,.336,.462,.445,.907,98,,1,1,1,2,magadda01,1987.0,0.366
1,1984,21,-1.2,Lynchburg,CARL,A,NYM,112,486,371,78,130,22,4,0,62,2,1,104,43,.350,.494,.431,.925,160,,6,0,5,10,magadda01,1987.0,0.366
2,1985,22,-1.4,Jackson,TL,AA,NYM,134,582,466,84,144,22,0,0,76,0,3,106,57,.309,.441,.356,.797,166,,5,4,1,2,magadda01,1987.0,0.366
3,1986,23,-2.6,Tidewater,IL,AAA,NYM,133,571,473,68,147,33,6,1,64,2,2,84,45,.311,.411,.412,.824,195,,3,2,9,5,magadda01,1987.0,0.366
0,1981,18,-2.2,Idaho Falls,PION,Rk,CAL,30,118,106,10,19,2,0,0,10,4,2,12,34,.179,.263,.198,.461,21,,0,0,0,0,whitede03,1987.0,0.346
1,1982,19,-2.6,Danville,MIDW,A,CAL,57,198,186,21,40,6,1,1,11,11,0,11,45,.215,.259,.274,.533,51,,0,1,0,0,whitede03,1987.0,0.346
3,1983,20,-3.0,Nashua,EL,AA,CAL,17,79,70,11,18,7,2,0,2,5,1,7,22,.257,.329,.414,.743,29,,1,0,1,0,whitede03,1987.0,0.346
4,1983,20,-1.5,Peoria,MIDW,A,CAL,117,487,430,69,109,17,6,13,66,32,15,36,124,.253,.326,.412,.738,177,,12,6,3,5,whitede03,1987.0,0.346
5,1984,21,-1.5,Redwood,CALL,A,CAL,138,609,520,101,147,25,5,7,55,36,12,56,118,.283,.361,.390,.752,203,,11,17,5,1,whitede03,1987.0,0.346
7,1985,22,-3.3,Edmonton,PCL,AAA,CAL,66,309,277,53,70,16,5,4,39,21,9,24,77,.253,.318,.390,.708,108,,4,1,3,0,whitede03,1987.0,0.346
8,1985,22,-1.4,Midland,TL,AA,CAL,70,310,260,52,77,10,4,4,35,38,8,35,46,.296,.384,.412,.796,107,,6,3,6,2,whitede03,1987.0,0.346
10,1986,23,-2.5,Edmonton,PCL,AAA,CAL,112,497,461,84,134,25,10,14,60,42,12,31,90,.291,.339,.479,.818,221,,3,1,1,8,whitede03,1987.0,0.346
1,1989,20,-1.9,Kenosha,MIDW,A,MIN,51,231,196,29,56,13,1,2,19,9,7,32,23,.286,.387,.393,.780,77,5,1,1,1,0,knoblch01,1991.0,0.337
2,1989,20,-2.4,Visalia,CALL,A,MIN,18,86,77,20,28,10,0,0,21,4,0,6,11,.364,.412,.494,.905,38,,1,1,1,0,knoblch01,1991.0,0.337
3,1990,21,-2.5,Orlando,SOUL,AA,MIN,118,509,432,74,125,23,6,2,53,23,7,63,31,.289,.389,.384,.773,166,,9,2,3,0,knoblch01,1991.0,0.337
0,1987,20,-0.9,Medford,NORW,A-,OAK,45,188,168,23,58,10,2,1,26,1,1,19,22,.345,.410,.446,.856,75,,0,0,1,0,coomero01,1996.0,0.371
1,1988,21,-1.9,Modesto,CALL,A,OAK,131,566,495,67,138,23,2,17,85,2,6,60,88,.279,.357,.436,.793,216,16,3,3,5,0,coomero01,1996.0,0.371
2,1989,22,0.1,Madison,MIDW,A,OAK,61,247,216,28,69,15,0,4,28,0,1,30,34,.319,.401,.444,.845,96,4,0,0,1,1,coomero01,1996.0,0.371
3,1990,23,-0.5,Huntsville,SOUL,AA,OAK,66,223,194,22,43,7,0,3,27,3,1,21,40,.222,.297,.304,.601,59,,1,4,3,1,coomero01,1996.0,0.371
4,1991,24,0.3,Birmingham,SOUL,AA,CHW,137,579,505,81,129,27,5,13,76,0,3,59,78,.255,.330,.406,.736,205,21,1,6,8,1,coomero01,1996.0,0.371
5,1992,25,-1.5,Vancouver,PCL,AAA,CHW,86,285,262,29,62,10,0,9,40,3,0,16,36,.237,.277,.378,.654,99,14,0,3,4,3,coomero01,1996.0,0.371
7,1993,26,-1.2,Nashville,AA,AAA,CHW,59,225,211,34,66,19,0,13,51,1,2,10,29,.313,.342,.588,.930,124,5,1,0,3,1,coomero01,1996.0,0.371
8,1993,26,2.4,Birmingham,SOUL,AA,CHW,69,279,262,44,85,18,0,13,50,1,1,15,43,.324,.358,.542,.900,142,8,0,0,2,3,coomero01,1996.0,0.371
9,1994,27,0.8,Albuquerque,PCL,AAA,LAD,127,570,535,89,181,34,6,22,123,4,3,26,62,.338,.367,.548,.914,293,12,2,0,7,4,coomero01,1996.0,0.371
10,1995,28,1.5,Albuquerque,PCL,AAA,LAD,85,347,323,54,104,23,2,16,76,5,2,18,28,.322,.357,.554,.912,179,16,2,0,4,1,coomero01,1996.0,0.371
0,1989,19,-0.6,Kingsport,APPY,Rk,NYM,69,262,226,45,74,15,0,9,38,10,6,30,26,.327,.405,.513,.919,116,,1,3,2,1,fordybr01,1998.0,0.306
1,1990,20,-1.2,Columbia,SALL,A,NYM,104,414,372,45,117,29,1,10,54,4,1,39,42,.315,.378,.478,.856,178,,0,1,2,0,fordybr01,1998.0,0.306
2,1991,21,-1.3,St. Lucie,FLOR,A+,NYM,115,453,406,42,97,19,3,7,55,4,5,37,50,.239,.305,.352,.657,143,7,4,0,6,2,fordybr01,1998.0,0.306
3,1992,22,-1.7,Binghamton,EL,AA,NYM,118,475,425,59,118,30,0,11,61,1,2,37,78,.278,.337,.426,.763,181,13,4,3,6,1,fordybr01,1998.0,0.306
4,1993,23,-3.0,Norfolk,IL,AAA,NYM,116,449,409,33,106,21,2,2,41,2,2,26,62,.259,.307,.335,.642,137,10,5,3,6,3,fordybr01,1998.0,0.306
5,1994,24,-1.9,Norfolk,IL,AAA,NYM,66,252,229,26,60,13,3,3,32,1,0,19,26,.262,.320,.384,.704,88,9,1,2,1,1,fordybr01,1998.0,0.306
6,1995,25,-2.0,Buffalo,AA,AAA,CLE,58,195,176,18,44,13,0,0,9,1,0,14,20,.250,.313,.324,.636,57,2,2,3,0,0,fordybr01,1998.0,0.306
8,1996,26,-0.3,Indianapolis,AA,AAA,CIN,107,405,374,48,103,20,3,16,64,2,1,25,56,.275,.319,.473,.793,177,5,1,1,4,3,fordybr01,1998.0,0.306
10,1997,27,1.0,Indianapolis,AA,AAA,CIN,12,53,47,7,11,2,0,2,6,1,1,5,6,.234,.321,.404,.725,19,3,1,0,0,0,fordybr01,1998.0,0.306
0,1992,21,0.1,Niagara Falls,NYPL,A-,DET,70,268,232,35,68,17,4,2,37,12,8,33,47,.293,.383,.427,.810,99,4,1,2,0,0,higgibo02,1995.0,0.33
2,1993,22,-1.6,London,EL,AA,DET,63,246,224,25,69,15,4,4,35,3,4,19,37,.308,.358,.464,.822,104,6,0,0,3,0,higgibo02,1995.0,0.33
3,1993,22,-0.3,Lakeland,FLOR,A+,DET,61,268,223,42,67,11,7,3,25,8,3,40,31,.300,.406,.453,.859,101,6,1,2,2,1,higgibo02,1995.0,0.33
4,1994,23,-2.9,Toledo,IL,AAA,DET,137,530,476,81,131,28,3,23,67,16,8,46,99,.275,.343,.492,.835,234,9,5,0,3,3,higgibo02,1995.0,0.33
0,1995,21,-0.1,Batavia,NYPL,A-,PHI,74,337,312,52,92,13,4,3,40,22,8,15,20,.295,.331,.391,.722,122,2,4,2,4,2,anderma02,1999.0,0.3
2,1996,22,-1.8,Reading,EL,AA,PHI,75,345,314,38,86,14,3,3,28,17,9,26,44,.274,.330,.366,.697,115,5,1,3,1,2,anderma02,1999.0,0.3
3,1996,22,-0.3,Clearwater,FLOR,A+,PHI,60,277,257,37,70,10,3,2,22,26,1,14,18,.272,.315,.358,.673,92,4,2,4,0,1,anderma02,1999.0,0.3
4,1997,23,-0.8,Reading,EL,AA,PHI,137,615,553,88,147,18,6,10,62,27,15,42,77,.266,.328,.374,.703,207,8,10,9,1,1,anderma02,1999.0,0.3
5,1998,24,-2.3,Scranton/Wilkes-Barre,IL,AAA,PHI,136,620,575,104,176,32,14,16,86,24,12,28,77,.306,.343,.494,.837,284,11,7,5,5,1,anderma02,1999.0,0.3
0,1992,21,0.0,Bellingham,NORW,A-,SEA,51,194,166,28,43,7,2,5,30,8,1,22,36,.259,.340,.416,.756,69,4,1,0,5,0,widgech01,1997.0,0.321
1,1993,22,-0.7,Riverside,CALL,A+,SEA,97,389,360,44,95,28,2,9,58,5,4,19,64,.264,.303,.428,.731,154,8,3,3,4,0,widgech01,1997.0,0.321
2,1994,23,-0.9,Jacksonville,SOUL,AA,SEA,116,434,388,58,101,15,3,16,59,8,7,39,69,.260,.334,.438,.772,170,7,5,0,2,4,widgech01,1997.0,0.321
3,1995,24,-2.5,Tacoma,PCL,AAA,SEA,50,184,174,29,48,11,1,9,21,0,0,9,29,.276,.311,.506,.817,88,4,0,1,0,0,widgech01,1997.0,0.321
5,1996,25,-1.2,Tacoma,PCL,AAA,SEA,97,385,352,42,107,20,2,13,48,7,1,27,62,.304,.355,.483,.838,170,13,2,2,2,0,widgech01,1997.0,0.321
1,1986,21,-2.9,Jacksonville,SOUL,AA,MON,1,4,4,0,0,0,0,0,0,0,0,0,0,.000,.000,.000,.000,0,,0,0,0,0,husonje01,1990.0,0.296
2,1986,21,-0.9,Burlington,MIDW,A,MON,133,540,457,85,132,19,1,16,72,32,6,76,68,.289,.390,.440,.830,201,,2,2,3,4,husonje01,1990.0,0.296
3,1987,22,-0.2,West Palm Beach,FLOR,A,MON,131,520,455,54,130,15,4,1,53,33,9,50,30,.286,.352,.343,.695,156,,1,6,8,4,husonje01,1990.0,0.296
4,1988,23,-0.7,Jacksonville,SOUL,AA,MON,128,546,471,72,117,18,1,0,34,56,13,59,45,.248,.334,.291,.625,137,,3,10,3,3,husonje01,1990.0,0.296
6,1989,24,-2.2,Indianapolis,AA,AAA,MON,102,433,378,70,115,17,4,3,35,30,17,50,26,.304,.385,.394,.779,149,,1,2,2,1,husonje01,1990.0,0.296
0,1993,20,1.0,Giants,ARIZ,Rk,SFG,29,90,82,8,28,3,0,0,15,3,0,4,5,.341,.368,.378,.746,31,3,0,3,1,0,cruzde01,1997.0,0.272
1,1994,21,1.7,Giants,ARIZ,Rk,SFG,18,61,53,10,16,8,0,0,5,0,1,5,3,.302,.367,.453,.819,24,1,1,1,1,0,cruzde01,1997.0,0.272
3,1995,22,0.4,Burlington,MIDW,A,SFG,16,63,58,2,8,1,0,1,9,1,1,4,7,.138,.194,.207,.400,12,1,0,1,0,0,cruzde01,1997.0,0.272
4,1995,22,1.3,Bellingham,NORW,A-,SFG,62,245,223,32,66,17,0,3,28,6,3,19,21,.296,.348,.413,.761,92,5,0,1,2,3,cruzde01,1997.0,0.272
5,1996,23,1.4,Burlington,MIDW,A,SFG,127,563,517,72,152,27,2,9,64,12,5,35,49,.294,.342,.406,.748,210,20,4,4,3,3,cruzde01,1997.0,0.272
1,1989,20,-1.9,Quad Cities,MIDW,A,CAL,23,86,78,7,19,3,0,2,11,7,5,6,17,.244,.294,.359,.653,28,1,0,1,1,0,curtich01,1992.0,0.345
2,1989,20,0.6,Angels,ARIZ,Rk,CAL,32,141,122,30,37,4,4,3,20,17,2,14,20,.303,.379,.475,.854,58,,2,1,2,2,curtich01,1992.0,0.345
3,1990,21,-0.7,Quad Cities,MIDW,A,CAL,135,568,492,87,151,28,1,14,65,64,22,57,78,.307,.390,.453,.843,223,,12,4,3,3,curtich01,1992.0,0.345
4,1991,22,-3.8,Edmonton,PCL,AAA,CAL,115,493,431,81,136,28,7,9,61,46,11,51,56,.316,.389,.476,.864,205,10,3,4,4,1,curtich01,1992.0,0.345
0,1991,21,0.2,Watertown,NYPL,A-,CLE,14,62,52,3,11,2,0,0,5,0,0,8,7,.212,.339,.250,.589,13,3,2,0,0,0,perryhe01,1995.0,0.364
1,1992,22,-0.1,Kinston,CARL,A+,CLE,121,515,449,74,125,16,1,19,77,12,0,46,89,.278,.358,.445,.804,200,9,12,4,4,1,perryhe01,1995.0,0.364
2,1993,23,-0.6,Canton-Akron,EL,AA,CLE,89,385,327,52,88,21,1,9,55,7,4,37,47,.269,.364,.422,.786,138,5,15,0,6,2,perryhe01,1995.0,0.364
3,1994,24,-1.9,Charlotte,IL,AAA,CLE,102,426,376,67,123,20,4,13,70,9,4,41,55,.327,.397,.505,.902,190,10,5,0,4,7,perryhe01,1995.0,0.364
1,1993,20,-2.7,Modesto,CALL,A+,OAK,32,135,110,12,28,9,1,1,13,1,5,23,19,.255,.388,.382,.770,42,4,1,1,0,0,spiezsc01,1997.0,0.31
2,1993,20,-1.0,Southern Oregon,NORW,A-,OAK,31,141,125,32,41,10,2,3,19,0,1,16,18,.328,.404,.512,.916,64,1,0,0,0,0,spiezsc01,1997.0,0.31
3,1994,21,-1.6,Modesto,CALL,A+,OAK,127,560,453,84,127,32,5,14,68,5,0,88,72,.280,.399,.466,.864,211,15,7,3,9,4,spiezsc01,1997.0,0.31
4,1995,22,-2.0,Huntsville,SOUL,AA,OAK,141,615,528,78,149,33,8,13,86,10,3,67,78,.282,.359,.449,.808,237,10,4,2,14,2,spiezsc01,1997.0,0.31
5,1996,23,-3.2,Edmonton,PCL,AAA,OAK,140,591,523,87,137,30,4,20,91,6,5,56,66,.262,.335,.449,.784,235,7,4,3,5,6,spiezsc01,1997.0,0.31
0,1986,20,-0.3,Helena,PION,Rk,MIL,66,300,258,64,75,13,2,16,54,23,5,30,69,.291,.363,.543,.905,140,,2,5,5,1,vaughgr01,1990.0,0.325
1,1987,21,-0.9,Beloit,MIDW,A,MIL,139,608,492,120,150,31,6,33,105,36,9,102,115,.305,.425,.593,1.018,292,,5,3,6,2,vaughgr01,1990.0,0.325
2,1988,22,-1.9,El Paso,TL,AA,MIL,131,579,505,104,152,39,2,28,105,22,5,63,120,.301,.379,.552,.932,279,11,3,4,4,3,vaughgr01,1990.0,0.325
3,1989,23,-3.2,Denver,AA,AAA,MIL,110,452,387,74,107,17,5,26,92,20,3,62,94,.276,.376,.548,.923,212,,0,2,1,4,vaughgr01,1990.0,0.325
1,1988,20,-1.3,Asheville,SALL,A,HOU,31,129,115,13,29,7,1,2,14,2,2,12,17,.252,.333,.383,.716,44,,2,0,0,0,gonzalu01,1991.0,0.341
2,1988,20,-0.8,Auburn,NYPL,A-,HOU,39,176,157,32,49,10,3,5,27,2,0,12,19,.312,.354,.510,.864,80,,1,1,5,1,gonzalu01,1991.0,0.341
3,1989,21,-1.3,Osceola,FLOR,A,HOU,86,333,287,46,82,16,7,6,38,2,1,37,49,.286,.370,.453,.823,130,3,4,1,4,5,gonzalu01,1991.0,0.341
4,1990,22,-1.5,Columbus,SOUL,AA,HOU,138,568,495,86,131,30,6,24,89,27,9,54,100,.265,.337,.495,.832,245,,6,1,12,9,gonzalu01,1991.0,0.341
0,1993,18,-1.9,Burlington,APPY,Rk,CLE,40,119,97,11,18,3,0,1,5,1,1,18,21,.186,.316,.247,.564,24,1,1,2,1,2,sexsori01,1998.0,0.409
1,1994,19,-2.3,Columbus,SALL,A,CLE,130,544,488,88,133,25,2,14,77,7,3,37,87,.273,.338,.418,.756,204,5,14,0,5,2,sexsori01,1998.0,0.409
2,1995,20,-2.5,Kinston,CARL,A+,CLE,131,554,494,80,151,34,0,22,85,4,6,43,115,.306,.368,.508,.876,251,8,10,0,7,5,sexsori01,1998.0,0.409
3,1996,21,-2.8,Canton-Akron,EL,AA,CLE,133,568,518,85,143,33,3,16,76,2,1,39,118,.276,.331,.444,.775,230,13,6,0,5,5,sexsori01,1998.0,0.409
4,1997,22,-4.0,Buffalo,AA,AAA,CLE,115,472,434,57,113,20,2,31,88,5,1,27,87,.260,.307,.530,.837,230,11,4,3,4,1,sexsori01,1998.0,0.409
